municipio_112cv,id_zona_previfoc,icv_cod_ine_mun,icv_nom_mun,icv_nom_mun_cas,icv_nom_mun_val,icv_noms_mun,match_method,match_fields,alias_reason,review_status,review_categories,review_note
Ademuz,56,46001,Ademuz,Ademuz,Ademuz,Ademuz,exact_primary,nom_mun;nom_mun_cas;nom_mun_cas_a;nom_mun_val;nom_mun_val_a;noms_mun,,reviewed,required_sample,Muestra mínima contrastada con la fila ICV y el código oficial.
Ador,58,46002,Ador,Ador,Ador,Ador,exact_primary,nom_mun;nom_mun_cas;nom_mun_cas_a;nom_mun_val;nom_mun_val_a;noms_mun,,automatic,,
Agost,59,03002,Agost,Agost,Agost,Agost,exact_primary,nom_mun;nom_mun_cas;nom_mun_cas_a;nom_mun_val;nom_mun_val_a;noms_mun,,automatic,,
Agres,58,03003,Agres,Agres,Agres,Agres,exact_primary,nom_mun;nom_mun_cas;nom_mun_cas_a;nom_mun_val;nom_mun_val_a;noms_mun,,automatic,,
Agullent,58,46004,Agullent,Agullent,Agullent,Agullent,exact_primary,nom_mun;nom_mun_cas;nom_mun_cas_a;nom_mun_val;nom_mun_val_a;noms_mun,,automatic,,
Aielo de Malferit,58,46042,Aielo de Malferit,Aielo de Malferit,Aielo de Malferit,Aielo de Malferit,exact_primary,nom_mun;nom_mun_cas;nom_mun_cas_a;nom_mun_val;nom_mun_val_a;noms_mun,,automatic,,
Aielo de Rugat,58,46043,Aielo de Rugat,Aielo de Rugat,Aielo de Rugat,Aielo de Rugat,exact_primary,nom_mun;nom_mun_cas;nom_mun_cas_a;nom_mun_val;nom_mun_val_a;noms_mun,,automatic,,
Aigües,59,03004,Aigües,Aigües,Aigües,Aigües,exact_primary,nom_mun;nom_mun_cas;nom_mun_cas_a;nom_mun_val;nom_mun_val_a;noms_mun,,automatic,,
Alacant/Alicante,59,03014,Alacant,Alicante,Alacant,Alacant/Alicante,exact_variant,noms_mun,,reviewed,required_sample;bilingual,Ambas formas lingüísticas se contrastaron con noms_mun y las variantes ICV.
Alaquàs,57,46005,Alaquàs,Alaquàs,Alaquàs,Alaquàs,exact_primary,nom_mun;nom_mun_cas;nom_mun_cas_a;nom_mun_val;nom_mun_val_a;noms_mun,,automatic,,
Albaida,58,46006,Albaida,Albaida,Albaida,Albaida,exact_primary,nom_mun;nom_mun_cas;nom_mun_cas_a;nom_mun_val;nom_mun_val_a;noms_mun,,automatic,,
Albal,57,46007,Albal,Albal,Albal,Albal,exact_primary,nom_mun;nom_mun_cas;nom_mun_cas_a;nom_mun_val;nom_mun_val_a;noms_mun,,automatic,,
Albalat de la Ribera,57,46008,Albalat de la Ribera,Albalat de la Ribera,Albalat de la Ribera,Albalat de la Ribera,exact_primary,nom_mun;nom_mun_cas;nom_mun_cas_a;nom_mun_val;nom_mun_val_a;noms_mun,,automatic,,
Albalat dels Sorells,57,46009,Albalat dels Sorells,Albalat dels Sorells,Albalat dels Sorells,Albalat dels Sorells,exact_primary,nom_mun;nom_mun_cas;nom_mun_cas_a;nom_mun_val;nom_mun_val_a;noms_mun,,automatic,,
Albalat dels Tarongers,56,46010,Albalat dels Tarongers,Albalat dels Tarongers,Albalat dels Tarongers,Albalat dels Tarongers,exact_primary,nom_mun;nom_mun_cas;nom_mun_cas_a;nom_mun_val;nom_mun_val_a;noms_mun,,automatic,,
Albatera,59,03005,Albatera,Albatera,Albatera,Albatera,exact_primary,nom_mun;nom_mun_cas;nom_mun_cas_a;nom_mun_val;nom_mun_val_a;noms_mun,,automatic,,
Alberic,56,46011,Alberic,Alberic,Alberic,Alberic,exact_primary,nom_mun;nom_mun_cas;nom_mun_cas_a;nom_mun_val;nom_mun_val_a;noms_mun,,automatic,,
Albocàsser,53,12003,Albocàsser,Albocàsser,Albocàsser,Albocàsser,exact_primary,nom_mun;nom_mun_cas;nom_mun_cas_a;nom_mun_val;nom_mun_val_a;noms_mun,,automatic,,
Alborache,56,46012,Alborache,Alborache,Alborache,Alborache,exact_primary,nom_mun;nom_mun_cas;nom_mun_cas_a;nom_mun_val;nom_mun_val_a;noms_mun,,automatic,,
Alboraia/Alboraya,57,46013,Alboraia,Alboraya,Alboraia,Alboraia/Alboraya,exact_variant,noms_mun,,reviewed,bilingual,Ambas formas lingüísticas se contrastaron con noms_mun y las variantes ICV.
Albuixech,57,46014,Albuixech,Albuixech,Albuixech,Albuixech,exact_primary,nom_mun;nom_mun_cas;nom_mun_cas_a;nom_mun_val;nom_mun_val_a;noms_mun,,automatic,,
Alcalalí,58,03006,Alcalalí,Alcalalí,Alcalalí,Alcalalí,exact_primary,nom_mun;nom_mun_cas;nom_mun_cas_a;nom_mun_val;nom_mun_val_a;noms_mun,,automatic,,
Alcalà de Xivert,55,12004,Alcalà de Xivert,Alcalà de Xivert,Alcalà de Xivert,Alcalà de Xivert,exact_primary,nom_mun;nom_mun_cas;nom_mun_cas_a;nom_mun_val;nom_mun_val_a;noms_mun,,automatic,,
Alcoi/Alcoy,58,03009,Alcoi,Alcoy,Alcoi,Alcoi/Alcoy,exact_variant,noms_mun,,reviewed,bilingual,Ambas formas lingüísticas se contrastaron con noms_mun y las variantes ICV.
Alcoleja,58,03008,Alcoleja,Alcoleja,Alcoleja,Alcoleja,exact_primary,nom_mun;nom_mun_cas;nom_mun_cas_a;nom_mun_val;nom_mun_val_a;noms_mun,,automatic,,
"Alcora, l'",54,12005,l'Alcora,l'Alcora,l'Alcora,l'Alcora,exact_variant,nom_mun_cas_a;nom_mun_val_a,,reviewed,postposed_article,El artículo pospuesto se contrastó con la forma principal y las variantes ICV.
Alcosser,58,03007,Alcosser,Alcosser,Alcosser,Alcosser,exact_primary,nom_mun;nom_mun_cas;nom_mun_cas_a;nom_mun_val;nom_mun_val_a;noms_mun,,automatic,,
Alcublas,56,46018,Alcublas,Alcublas,Alcublas,Alcublas,exact_primary,nom_mun;nom_mun_cas;nom_mun_cas_a;nom_mun_val;nom_mun_val_a;noms_mun,,automatic,,
Alcudia de Veo,54,12006,Alcudia de Veo,Alcudia de Veo,Alcudia de Veo,Alcudia de Veo,exact_primary,nom_mun;nom_mun_cas;nom_mun_cas_a;nom_mun_val;nom_mun_val_a;noms_mun,,automatic,,
Alcàntera de Xúquer,56,46016,Alcàntera de Xúquer,Alcàntera de Xúquer,Alcàntera de Xúquer,Alcàntera de Xúquer,exact_primary,nom_mun;nom_mun_cas;nom_mun_cas_a;nom_mun_val;nom_mun_val_a;noms_mun,,automatic,,
Alcàsser,57,46015,Alcàsser,Alcàsser,Alcàsser,Alcàsser,exact_primary,nom_mun;nom_mun_cas;nom_mun_cas_a;nom_mun_val;nom_mun_val_a;noms_mun,,automatic,,
"Alcúdia de Crespins, l'",58,46020,l'Alcúdia de Crespins,l'Alcúdia de Crespins,l'Alcúdia de Crespins,l'Alcúdia de Crespins,exact_variant,nom_mun_cas_a;nom_mun_val_a,,reviewed,postposed_article,El artículo pospuesto se contrastó con la forma principal y las variantes ICV.
"Alcúdia, l'",56,46019,l'Alcúdia,l'Alcúdia,l'Alcúdia,l'Alcúdia,exact_variant,nom_mun_cas_a;nom_mun_val_a,,reviewed,postposed_article,El artículo pospuesto se contrastó con la forma principal y las variantes ICV.
Aldaia,57,46021,Aldaia,Aldaia,Aldaia,Aldaia,exact_primary,nom_mun;nom_mun_cas;nom_mun_cas_a;nom_mun_val;nom_mun_val_a;noms_mun,,automatic,,
Alfafar,57,46022,Alfafar,Alfafar,Alfafar,Alfafar,exact_primary,nom_mun;nom_mun_cas;nom_mun_cas_a;nom_mun_val;nom_mun_val_a;noms_mun,,automatic,,
Alfafara,58,03010,Alfafara,Alfafara,Alfafara,Alfafara,exact_primary,nom_mun;nom_mun_cas;nom_mun_cas_a;nom_mun_val;nom_mun_val_a;noms_mun,,automatic,,
Alfara de la Baronia,56,46024,Alfara de la Baronia,Alfara de la Baronia,Alfara de la Baronia,Alfara de la Baronia,exact_primary,nom_mun;nom_mun_cas;nom_mun_cas_a;nom_mun_val;nom_mun_val_a;noms_mun,,automatic,,
Alfara del Patriarca,57,46025,Alfara del Patriarca,Alfara del Patriarca,Alfara del Patriarca,Alfara del Patriarca,exact_primary,nom_mun;nom_mun_cas;nom_mun_cas_a;nom_mun_val;nom_mun_val_a;noms_mun,,automatic,,
Alfarp,56,46026,Alfarb,Alfarb,Alfarb,Alfarb,alias,alias_file,El 112CV publica Alfarp y el ICV publica Alfarb en todas sus variantes; se fija la diferencia ortográfica final p/b.,reviewed,alias,Excepción contrastada con el código y las variantes ICV; motivo detallado en municipality_aliases.json.
Alfarrasí,58,46027,Alfarrasí,Alfarrasí,Alfarrasí,Alfarrasí,exact_primary,nom_mun;nom_mun_cas;nom_mun_cas_a;nom_mun_val;nom_mun_val_a;noms_mun,,automatic,,
Alfauir,58,46023,Alfauir,Alfauir,Alfauir,Alfauir,exact_primary,nom_mun;nom_mun_cas;nom_mun_cas_a;nom_mun_val;nom_mun_val_a;noms_mun,,automatic,,
Alfondeguilla,54,12007,Alfondeguilla,Alfondeguilla,Alfondeguilla,Alfondeguilla,exact_primary,nom_mun;nom_mun_cas;nom_mun_cas_a;nom_mun_val;nom_mun_val_a;noms_mun,,automatic,,
"Alfàs del Pi, l'",58,03011,l'Alfàs del Pi,l'Alfàs del Pi,l'Alfàs del Pi,l'Alfàs del Pi,exact_variant,nom_mun_cas_a;nom_mun_val_a,,reviewed,postposed_article,El artículo pospuesto se contrastó con la forma principal y las variantes ICV.
Algar de Palancia,56,46028,Algar de Palància,Algar de Palància,Algar de Palància,Algar de Palància,alias,alias_file,La única diferencia es el acento de Palància en la denominación ICV; no se elimina el acento automáticamente.,reviewed,alias,Excepción contrastada con el código y las variantes ICV; motivo detallado en municipality_aliases.json.
Algemesí,57,46029,Algemesí,Algemesí,Algemesí,Algemesí,exact_primary,nom_mun;nom_mun_cas;nom_mun_cas_a;nom_mun_val;nom_mun_val_a;noms_mun,,automatic,,
Algimia de Almonacid,54,12008,Algimia de Almonacid,Algimia de Almonacid,Algimia de Almonacid,Algimia de Almonacid,exact_primary,nom_mun;nom_mun_cas;nom_mun_cas_a;nom_mun_val;nom_mun_val_a;noms_mun,,automatic,,
Alginet,57,46031,Alginet,Alginet,Alginet,Alginet,exact_primary,nom_mun;nom_mun_cas;nom_mun_cas_a;nom_mun_val;nom_mun_val_a;noms_mun,,automatic,,
Algorfa,59,03012,Algorfa,Algorfa,Algorfa,Algorfa,exact_primary,nom_mun;nom_mun_cas;nom_mun_cas_a;nom_mun_val;nom_mun_val_a;noms_mun,,automatic,,
Algueña,59,03013,Algueña,Algueña,Algueña,Algueña,exact_primary,nom_mun;nom_mun_cas;nom_mun_cas_a;nom_mun_val;nom_mun_val_a;noms_mun,,automatic,,
Algímia d'Alfara,56,46030,Algímia d'Alfara,Algímia d'Alfara,Algímia d'Alfara,Algímia d'Alfara,exact_primary,nom_mun;nom_mun_cas;nom_mun_cas_a;nom_mun_val;nom_mun_val_a;noms_mun,,automatic,,
Almassora,55,12009,Almassora,Almassora,Almassora,Almassora,exact_primary,nom_mun;nom_mun_cas;nom_mun_cas_a;nom_mun_val;nom_mun_val_a;noms_mun,,automatic,,
Almedíjar,54,12010,Almedíjar,Almedíjar,Almedíjar,Almedíjar,exact_primary,nom_mun;nom_mun_cas;nom_mun_cas_a;nom_mun_val;nom_mun_val_a;noms_mun,,automatic,,
Almenara,55,12011,Almenara,Almenara,Almenara,Almenara,exact_primary,nom_mun;nom_mun_cas;nom_mun_cas_a;nom_mun_val;nom_mun_val_a;noms_mun,,automatic,,
Almiserà,58,46033,Almiserà,Almiserà,Almiserà,Almiserà,exact_primary,nom_mun;nom_mun_cas;nom_mun_cas_a;nom_mun_val;nom_mun_val_a;noms_mun,,automatic,,
Almoines,58,46034,Almoines,Almoines,Almoines,Almoines,exact_primary,nom_mun;nom_mun_cas;nom_mun_cas_a;nom_mun_val;nom_mun_val_a;noms_mun,,automatic,,
Almoradí,59,03015,Almoradí,Almoradí,Almoradí,Almoradí,exact_primary,nom_mun;nom_mun_cas;nom_mun_cas_a;nom_mun_val;nom_mun_val_a;noms_mun,,automatic,,
Almudaina,58,03016,Almudaina,Almudaina,Almudaina,Almudaina,exact_primary,nom_mun;nom_mun_cas;nom_mun_cas_a;nom_mun_val;nom_mun_val_a;noms_mun,,automatic,,
Almussafes,57,46035,Almussafes,Almussafes,Almussafes,Almussafes,exact_primary,nom_mun;nom_mun_cas;nom_mun_cas_a;nom_mun_val;nom_mun_val_a;noms_mun,,automatic,,
Almàssera,57,46032,Almàssera,Almàssera,Almàssera,Almàssera,exact_primary,nom_mun;nom_mun_cas;nom_mun_cas_a;nom_mun_val;nom_mun_val_a;noms_mun,,automatic,,
Alpuente,56,46036,Alpuente,Alpuente,Alpuente,Alpuente,exact_primary,nom_mun;nom_mun_cas;nom_mun_cas_a;nom_mun_val;nom_mun_val_a;noms_mun,,automatic,,
"Alqueria d'Asnar, l'",58,03017,l'Alqueria d'Asnar,l'Alqueria d'Asnar,l'Alqueria d'Asnar,l'Alqueria d'Asnar,exact_variant,nom_mun_cas_a;nom_mun_val_a,,reviewed,postposed_article,El artículo pospuesto se contrastó con la forma principal y las variantes ICV.
"Alqueria de la Comtessa, l'",58,46037,l'Alqueria de la Comtessa,l'Alqueria de la Comtessa,l'Alqueria de la Comtessa,l'Alqueria de la Comtessa,exact_variant,nom_mun_cas_a;nom_mun_val_a,,reviewed,postposed_article,El artículo pospuesto se contrastó con la forma principal y las variantes ICV.
"Alqueries, les/Alquerías del Niño Perdido",55,12901,les Alqueries,Alquerías del Niño Perdido,les Alqueries,les Alqueries/Alquerías del Niño Perdido,alias,alias_file,El 112CV pospone el artículo valenciano; el ICV lo antepone en la forma bilingüe.,reviewed,bilingual;postposed_article;alias,Excepción contrastada con el código y las variantes ICV; motivo detallado en municipality_aliases.json.
Altea,58,03018,Altea,Altea,Altea,Altea,exact_primary,nom_mun;nom_mun_cas;nom_mun_cas_a;nom_mun_val;nom_mun_val_a;noms_mun,,automatic,,
Altura,56,12012,Altura,Altura,Altura,Altura,exact_primary,nom_mun;nom_mun_cas;nom_mun_cas_a;nom_mun_val;nom_mun_val_a;noms_mun,,automatic,,
Alzira,58,46017,Alzira,Alzira,Alzira,Alzira,exact_primary,nom_mun;nom_mun_cas;nom_mun_cas_a;nom_mun_val;nom_mun_val_a;noms_mun,,automatic,,
Andilla,56,46038,Andilla,Andilla,Andilla,Andilla,exact_primary,nom_mun;nom_mun_cas;nom_mun_cas_a;nom_mun_val;nom_mun_val_a;noms_mun,,automatic,,
Anna,56,46039,Anna,Anna,Anna,Anna,exact_primary,nom_mun;nom_mun_cas;nom_mun_cas_a;nom_mun_val;nom_mun_val_a;noms_mun,,automatic,,
Antella,56,46040,Antella,Antella,Antella,Antella,exact_primary,nom_mun;nom_mun_cas;nom_mun_cas_a;nom_mun_val;nom_mun_val_a;noms_mun,,automatic,,
Aras de los Olmos,56,46041,Aras de los Olmos,Aras de los Olmos,Aras de los Olmos,Aras de los Olmos,exact_primary,nom_mun;nom_mun_cas;nom_mun_cas_a;nom_mun_val;nom_mun_val_a;noms_mun,,automatic,,
Arañuel,54,12013,Arañuel,Arañuel,Arañuel,Arañuel,exact_primary,nom_mun;nom_mun_cas;nom_mun_cas_a;nom_mun_val;nom_mun_val_a;noms_mun,,automatic,,
Ares del Maestrat,53,12014,Ares del Maestrat,Ares del Maestrat,Ares del Maestrat,Ares del Maestrat,exact_primary,nom_mun;nom_mun_cas;nom_mun_cas_a;nom_mun_val;nom_mun_val_a;noms_mun,,automatic,,
Argelita,54,12015,Argelita,Argelita,Argelita,Argelita,exact_primary,nom_mun;nom_mun_cas;nom_mun_cas_a;nom_mun_val;nom_mun_val_a;noms_mun,,automatic,,
Artana,54,12016,Artana,Artana,Artana,Artana,exact_primary,nom_mun;nom_mun_cas;nom_mun_cas_a;nom_mun_val;nom_mun_val_a;noms_mun,,automatic,,
Aspe,59,03019,Aspe,Aspe,Aspe,Aspe,exact_primary,nom_mun;nom_mun_cas;nom_mun_cas_a;nom_mun_val;nom_mun_val_a;noms_mun,,automatic,,
Atzeneta d'Albaida,58,46003,Atzeneta d'Albaida,Atzeneta d'Albaida,Atzeneta d'Albaida,Atzeneta d'Albaida,exact_primary,nom_mun;nom_mun_cas;nom_mun_cas_a;nom_mun_val;nom_mun_val_a;noms_mun,,automatic,,
Atzeneta del Maestrat,54,12001,Atzeneta del Maestrat,Atzeneta del Maestrat,Atzeneta del Maestrat,Atzeneta del Maestrat,exact_primary,nom_mun;nom_mun_cas;nom_mun_cas_a;nom_mun_val;nom_mun_val_a;noms_mun,,automatic,,
"Atzúbia, l'",58,03001,l'Atzúbia,l'Atzúbia,l'Atzúbia,l'Atzúbia,exact_variant,nom_mun_cas_a;nom_mun_val_a,,reviewed,postposed_article,El artículo pospuesto se contrastó con la forma principal y las variantes ICV.
Ayora,56,46044,Ayora,Ayora,Ayora,Ayora,exact_primary,nom_mun;nom_mun_cas;nom_mun_cas_a;nom_mun_val;nom_mun_val_a;noms_mun,,automatic,,
Ayódar,54,12017,Ayódar,Ayódar,Ayódar,Ayódar,exact_primary,nom_mun;nom_mun_cas;nom_mun_cas_a;nom_mun_val;nom_mun_val_a;noms_mun,,automatic,,
Azuébar,54,12018,Azuébar,Azuébar,Azuébar,Azuébar,exact_primary,nom_mun;nom_mun_cas;nom_mun_cas_a;nom_mun_val;nom_mun_val_a;noms_mun,,automatic,,
Aín,54,12002,Aín,Aín,Aín,Aín,exact_primary,nom_mun;nom_mun_cas;nom_mun_cas_a;nom_mun_val;nom_mun_val_a;noms_mun,,automatic,,
Balones,58,03020,Balones,Balones,Balones,Balones,exact_primary,nom_mun;nom_mun_cas;nom_mun_cas_a;nom_mun_val;nom_mun_val_a;noms_mun,,automatic,,
Banyeres de Mariola,58,03021,Banyeres de Mariola,Banyeres de Mariola,Banyeres de Mariola,Banyeres de Mariola,exact_primary,nom_mun;nom_mun_cas;nom_mun_cas_a;nom_mun_val;nom_mun_val_a;noms_mun,,automatic,,
Barracas,54,12020,Barracas,Barracas,Barracas,Barracas,exact_primary,nom_mun;nom_mun_cas;nom_mun_cas_a;nom_mun_val;nom_mun_val_a;noms_mun,,automatic,,
Barx,58,46046,Barx,Barx,Barx,Barx,exact_primary,nom_mun;nom_mun_cas;nom_mun_cas_a;nom_mun_val;nom_mun_val_a;noms_mun,,automatic,,
Barxeta,58,46045,Barxeta,Barxeta,Barxeta,Barxeta,exact_primary,nom_mun;nom_mun_cas;nom_mun_cas_a;nom_mun_val;nom_mun_val_a;noms_mun,,automatic,,
Bejís,54,12022,Bejís,Bejís,Bejís,Bejís,exact_primary,nom_mun;nom_mun_cas;nom_mun_cas_a;nom_mun_val;nom_mun_val_a;noms_mun,,automatic,,
Bellreguard,58,46048,Bellreguard,Bellreguard,Bellreguard,Bellreguard,exact_primary,nom_mun;nom_mun_cas;nom_mun_cas_a;nom_mun_val;nom_mun_val_a;noms_mun,,automatic,,
Bellús,58,46049,Bellús,Bellús,Bellús,Bellús,exact_primary,nom_mun;nom_mun_cas;nom_mun_cas_a;nom_mun_val;nom_mun_val_a;noms_mun,,automatic,,
Benafer,54,12024,Benafer,Benafer,Benafer,Benafer,exact_primary,nom_mun;nom_mun_cas;nom_mun_cas_a;nom_mun_val;nom_mun_val_a;noms_mun,,automatic,,
Benafigos,54,12025,Benafigos,Benafigos,Benafigos,Benafigos,exact_primary,nom_mun;nom_mun_cas;nom_mun_cas_a;nom_mun_val;nom_mun_val_a;noms_mun,,automatic,,
Benaguasil,56,46051,Benaguasil,Benaguasil,Benaguasil,Benaguasil,exact_primary,nom_mun;nom_mun_cas;nom_mun_cas_a;nom_mun_val;nom_mun_val_a;noms_mun,,automatic,,
Benagéber,56,46050,Benagéber,Benagéber,Benagéber,Benagéber,exact_primary,nom_mun;nom_mun_cas;nom_mun_cas_a;nom_mun_val;nom_mun_val_a;noms_mun,,automatic,,
Benasau,58,03022,Benasau,Benasau,Benasau,Benasau,exact_primary,nom_mun;nom_mun_cas;nom_mun_cas_a;nom_mun_val;nom_mun_val_a;noms_mun,,automatic,,
Benassal,53,12026,Benassal,Benassal,Benassal,Benassal,exact_primary,nom_mun;nom_mun_cas;nom_mun_cas_a;nom_mun_val;nom_mun_val_a;noms_mun,,automatic,,
Benavites,57,46052,Benavites,Benavites,Benavites,Benavites,exact_primary,nom_mun;nom_mun_cas;nom_mun_cas_a;nom_mun_val;nom_mun_val_a;noms_mun,,automatic,,
Beneixama,58,03023,Beneixama,Beneixama,Beneixama,Beneixama,exact_primary,nom_mun;nom_mun_cas;nom_mun_cas_a;nom_mun_val;nom_mun_val_a;noms_mun,,automatic,,
Beneixida,56,46053,Beneixida,Beneixida,Beneixida,Beneixida,exact_primary,nom_mun;nom_mun_cas;nom_mun_cas_a;nom_mun_val;nom_mun_val_a;noms_mun,,automatic,,
Benejúzar,59,03024,Benejúzar,Benejúzar,Benejúzar,Benejúzar,exact_primary,nom_mun;nom_mun_cas;nom_mun_cas_a;nom_mun_val;nom_mun_val_a;noms_mun,,automatic,,
Benetússer,57,46054,Benetússer,Benetússer,Benetússer,Benetússer,exact_primary,nom_mun;nom_mun_cas;nom_mun_cas_a;nom_mun_val;nom_mun_val_a;noms_mun,,automatic,,
Benferri,59,03025,Benferri,Benferri,Benferri,Benferri,exact_primary,nom_mun;nom_mun_cas;nom_mun_cas_a;nom_mun_val;nom_mun_val_a;noms_mun,,automatic,,
Beniarbeig,58,03026,Beniarbeig,Beniarbeig,Beniarbeig,Beniarbeig,exact_primary,nom_mun;nom_mun_cas;nom_mun_cas_a;nom_mun_val;nom_mun_val_a;noms_mun,,automatic,,
Beniardà,58,03027,Beniardà,Beniardà,Beniardà,Beniardà,exact_primary,nom_mun;nom_mun_cas;nom_mun_cas_a;nom_mun_val;nom_mun_val_a;noms_mun,,automatic,,
Beniarjó,58,46055,Beniarjó,Beniarjó,Beniarjó,Beniarjó,exact_primary,nom_mun;nom_mun_cas;nom_mun_cas_a;nom_mun_val;nom_mun_val_a;noms_mun,,automatic,,
Beniarrés,58,03028,Beniarrés,Beniarrés,Beniarrés,Beniarrés,exact_primary,nom_mun;nom_mun_cas;nom_mun_cas_a;nom_mun_val;nom_mun_val_a;noms_mun,,automatic,,
Beniatjar,58,46056,Beniatjar,Beniatjar,Beniatjar,Beniatjar,exact_primary,nom_mun;nom_mun_cas;nom_mun_cas_a;nom_mun_val;nom_mun_val_a;noms_mun,,automatic,,
Benicarló,55,12027,Benicarló,Benicarló,Benicarló,Benicarló,exact_primary,nom_mun;nom_mun_cas;nom_mun_cas_a;nom_mun_val;nom_mun_val_a;noms_mun,,automatic,,
Benicolet,58,46057,Benicolet,Benicolet,Benicolet,Benicolet,exact_primary,nom_mun;nom_mun_cas;nom_mun_cas_a;nom_mun_val;nom_mun_val_a;noms_mun,,automatic,,
Benicull de Xúquer,57,46904,Benicull de Xúquer,Benicull de Xúquer,Benicull de Xúquer,Benicull de Xúquer,exact_primary,nom_mun;nom_mun_cas;nom_mun_cas_a;nom_mun_val;nom_mun_val_a;noms_mun,,automatic,,
Benicàssim/Benicasim,55,12028,Benicàssim,Benicasim,Benicàssim,Benicàssim/Benicasim,exact_variant,noms_mun,,reviewed,bilingual,Ambas formas lingüísticas se contrastaron con noms_mun y las variantes ICV.
Benidoleig,58,03030,Benidoleig,Benidoleig,Benidoleig,Benidoleig,exact_primary,nom_mun;nom_mun_cas;nom_mun_cas_a;nom_mun_val;nom_mun_val_a;noms_mun,,automatic,,
Benidorm,58,03031,Benidorm,Benidorm,Benidorm,Benidorm,exact_primary,nom_mun;nom_mun_cas;nom_mun_cas_a;nom_mun_val;nom_mun_val_a;noms_mun,,automatic,,
Benifairó de la Valldigna,58,46059,Benifairó de la Valldigna,Benifairó de la Valldigna,Benifairó de la Valldigna,Benifairó de la Valldigna,exact_primary,nom_mun;nom_mun_cas;nom_mun_cas_a;nom_mun_val;nom_mun_val_a;noms_mun,,automatic,,
Benifairó de les Valls,57,46058,Benifairó de les Valls,Benifairó de les Valls,Benifairó de les Valls,Benifairó de les Valls,exact_primary,nom_mun;nom_mun_cas;nom_mun_cas_a;nom_mun_val;nom_mun_val_a;noms_mun,,automatic,,
Benifaió,57,46060,Benifaió,Benifaió,Benifaió,Benifaió,exact_primary,nom_mun;nom_mun_cas;nom_mun_cas_a;nom_mun_val;nom_mun_val_a;noms_mun,,automatic,,
Benifallim,58,03032,Benifallim,Benifallim,Benifallim,Benifallim,exact_primary,nom_mun;nom_mun_cas;nom_mun_cas_a;nom_mun_val;nom_mun_val_a;noms_mun,,automatic,,
Benifato,58,03033,Benifato,Benifato,Benifato,Benifato,exact_primary,nom_mun;nom_mun_cas;nom_mun_cas_a;nom_mun_val;nom_mun_val_a;noms_mun,,automatic,,
Beniflá,58,46061,Beniflá,Beniflá,Beniflá,Beniflá,exact_primary,nom_mun;nom_mun_cas;nom_mun_cas_a;nom_mun_val;nom_mun_val_a;noms_mun,,automatic,,
Benigembla,58,03029,Benigembla,Benigembla,Benigembla,Benigembla,exact_primary,nom_mun;nom_mun_cas;nom_mun_cas_a;nom_mun_val;nom_mun_val_a;noms_mun,,automatic,,
Benigànim,58,46062,Benigànim,Benigànim,Benigànim,Benigànim,exact_primary,nom_mun;nom_mun_cas;nom_mun_cas_a;nom_mun_val;nom_mun_val_a;noms_mun,,automatic,,
Benijófar,59,03034,Benijófar,Benijófar,Benijófar,Benijófar,exact_primary,nom_mun;nom_mun_cas;nom_mun_cas_a;nom_mun_val;nom_mun_val_a;noms_mun,,automatic,,
Benilloba,58,03035,Benilloba,Benilloba,Benilloba,Benilloba,exact_primary,nom_mun;nom_mun_cas;nom_mun_cas_a;nom_mun_val;nom_mun_val_a;noms_mun,,automatic,,
Benillup,58,03036,Benillup,Benillup,Benillup,Benillup,exact_primary,nom_mun;nom_mun_cas;nom_mun_cas_a;nom_mun_val;nom_mun_val_a;noms_mun,,automatic,,
Benimantell,58,03037,Benimantell,Benimantell,Benimantell,Benimantell,exact_primary,nom_mun;nom_mun_cas;nom_mun_cas_a;nom_mun_val;nom_mun_val_a;noms_mun,,automatic,,
Benimarfull,58,03038,Benimarfull,Benimarfull,Benimarfull,Benimarfull,exact_primary,nom_mun;nom_mun_cas;nom_mun_cas_a;nom_mun_val;nom_mun_val_a;noms_mun,,automatic,,
Benimassot,58,03039,Benimassot,Benimassot,Benimassot,Benimassot,exact_primary,nom_mun;nom_mun_cas;nom_mun_cas_a;nom_mun_val;nom_mun_val_a;noms_mun,,automatic,,
Benimeli,58,03040,Benimeli,Benimeli,Benimeli,Benimeli,exact_primary,nom_mun;nom_mun_cas;nom_mun_cas_a;nom_mun_val;nom_mun_val_a;noms_mun,,automatic,,
Benimodo,56,46063,Benimodo,Benimodo,Benimodo,Benimodo,exact_primary,nom_mun;nom_mun_cas;nom_mun_cas_a;nom_mun_val;nom_mun_val_a;noms_mun,,automatic,,
Benimuslem,56,46064,Benimuslem,Benimuslem,Benimuslem,Benimuslem,exact_primary,nom_mun;nom_mun_cas;nom_mun_cas_a;nom_mun_val;nom_mun_val_a;noms_mun,,automatic,,
Beniparrell,57,46065,Beniparrell,Beniparrell,Beniparrell,Beniparrell,exact_primary,nom_mun;nom_mun_cas;nom_mun_cas_a;nom_mun_val;nom_mun_val_a;noms_mun,,automatic,,
Benirredrà,58,46066,Benirredrà,Benirredrà,Benirredrà,Benirredrà,exact_primary,nom_mun;nom_mun_cas;nom_mun_cas_a;nom_mun_val;nom_mun_val_a;noms_mun,,automatic,,
Benissa,58,03041,Benissa,Benissa,Benissa,Benissa,exact_primary,nom_mun;nom_mun_cas;nom_mun_cas_a;nom_mun_val;nom_mun_val_a;noms_mun,,automatic,,
Benissanó,56,46067,Benissanó,Benissanó,Benissanó,Benissanó,exact_primary,nom_mun;nom_mun_cas;nom_mun_cas_a;nom_mun_val;nom_mun_val_a;noms_mun,,automatic,,
Benissoda,58,46068,Benissoda,Benissoda,Benissoda,Benissoda,exact_primary,nom_mun;nom_mun_cas;nom_mun_cas_a;nom_mun_val;nom_mun_val_a;noms_mun,,automatic,,
Benissuera,58,46069,Benissuera,Benissuera,Benissuera,Benissuera,exact_primary,nom_mun;nom_mun_cas;nom_mun_cas_a;nom_mun_val;nom_mun_val_a;noms_mun,,automatic,,
Benlloc,55,12029,Benlloc,Benlloc,Benlloc,Benlloc,exact_primary,nom_mun;nom_mun_cas;nom_mun_cas_a;nom_mun_val;nom_mun_val_a;noms_mun,,automatic,,
Betxí,55,12021,Betxí,Betxí,Betxí,Betxí,exact_primary,nom_mun;nom_mun_cas;nom_mun_cas_a;nom_mun_val;nom_mun_val_a;noms_mun,,automatic,,
Biar,58,03043,Biar,Biar,Biar,Biar,exact_primary,nom_mun;nom_mun_cas;nom_mun_cas_a;nom_mun_val;nom_mun_val_a;noms_mun,,automatic,,
Bicorp,56,46071,Bicorp,Bicorp,Bicorp,Bicorp,exact_primary,nom_mun;nom_mun_cas;nom_mun_cas_a;nom_mun_val;nom_mun_val_a;noms_mun,,automatic,,
Bigastro,59,03044,Bigastro,Bigastro,Bigastro,Bigastro,exact_primary,nom_mun;nom_mun_cas;nom_mun_cas_a;nom_mun_val;nom_mun_val_a;noms_mun,,automatic,,
Bocairent,58,46072,Bocairent,Bocairent,Bocairent,Bocairent,exact_primary,nom_mun;nom_mun_cas;nom_mun_cas_a;nom_mun_val;nom_mun_val_a;noms_mun,,automatic,,
Bolbaite,56,46073,Bolbaite,Bolbaite,Bolbaite,Bolbaite,exact_primary,nom_mun;nom_mun_cas;nom_mun_cas_a;nom_mun_val;nom_mun_val_a;noms_mun,,automatic,,
Bolulla,58,03045,Bolulla,Bolulla,Bolulla,Bolulla,exact_primary,nom_mun;nom_mun_cas;nom_mun_cas_a;nom_mun_val;nom_mun_val_a;noms_mun,,automatic,,
Bonrepòs i Mirambell,57,46074,Bonrepòs i Mirambell,Bonrepòs i Mirambell,Bonrepòs i Mirambell,Bonrepòs i Mirambell,exact_primary,nom_mun;nom_mun_cas;nom_mun_cas_a;nom_mun_val;nom_mun_val_a;noms_mun,,automatic,,
Borriana/Burriana,55,12032,Borriana,Burriana,Borriana,Borriana/Burriana,exact_variant,noms_mun,,reviewed,bilingual,Ambas formas lingüísticas se contrastaron con noms_mun y las variantes ICV.
Borriol,55,12031,Borriol,Borriol,Borriol,Borriol,exact_primary,nom_mun;nom_mun_cas;nom_mun_cas_a;nom_mun_val;nom_mun_val_a;noms_mun,,automatic,,
Bufali,58,46075,Bufali,Bufali,Bufali,Bufali,exact_primary,nom_mun;nom_mun_cas;nom_mun_cas_a;nom_mun_val;nom_mun_val_a;noms_mun,,automatic,,
Bugarra,56,46076,Bugarra,Bugarra,Bugarra,Bugarra,exact_primary,nom_mun;nom_mun_cas;nom_mun_cas_a;nom_mun_val;nom_mun_val_a;noms_mun,,automatic,,
Burjassot,57,46078,Burjassot,Burjassot,Burjassot,Burjassot,exact_primary,nom_mun;nom_mun_cas;nom_mun_cas_a;nom_mun_val;nom_mun_val_a;noms_mun,,automatic,,
Busot,59,03046,Busot,Busot,Busot,Busot,exact_primary,nom_mun;nom_mun_cas;nom_mun_cas_a;nom_mun_val;nom_mun_val_a;noms_mun,,automatic,,
Buñol,56,46077,Buñol,Buñol,Buñol,Buñol,exact_primary,nom_mun;nom_mun_cas;nom_mun_cas_a;nom_mun_val;nom_mun_val_a;noms_mun,,automatic,,
Bèlgida,58,46047,Bèlgida,Bèlgida,Bèlgida,Bèlgida,exact_primary,nom_mun;nom_mun_cas;nom_mun_cas_a;nom_mun_val;nom_mun_val_a;noms_mun,,automatic,,
Bétera,56,46070,Bétera,Bétera,Bétera,Bétera,exact_primary,nom_mun;nom_mun_cas;nom_mun_cas_a;nom_mun_val;nom_mun_val_a;noms_mun,,automatic,,
Cabanes,55,12033,Cabanes,Cabanes,Cabanes,Cabanes,exact_primary,nom_mun;nom_mun_cas;nom_mun_cas_a;nom_mun_val;nom_mun_val_a;noms_mun,,automatic,,
Calles,56,46079,Calles,Calles,Calles,Calles,exact_primary,nom_mun;nom_mun_cas;nom_mun_cas_a;nom_mun_val;nom_mun_val_a;noms_mun,,automatic,,
Callosa d'en Sarrià,58,03048,Callosa d'en Sarrià,Callosa d'en Sarrià,Callosa d'en Sarrià,Callosa d'en Sarrià,exact_primary,nom_mun;nom_mun_cas;nom_mun_cas_a;nom_mun_val;nom_mun_val_a;noms_mun,,automatic,,
Callosa de Segura,59,03049,Callosa de Segura,Callosa de Segura,Callosa de Segura,Callosa de Segura,exact_primary,nom_mun;nom_mun_cas;nom_mun_cas_a;nom_mun_val;nom_mun_val_a;noms_mun,,automatic,,
Calp,58,03047,Calp,Calp,Calp,Calp,exact_primary,nom_mun;nom_mun_cas;nom_mun_cas_a;nom_mun_val;nom_mun_val_a;noms_mun,,automatic,,
"Camp de Mirra, el/Campo de Mirra",58,03051,el Camp de Mirra,Campo de Mirra,el Camp de Mirra,el Camp de Mirra/Campo de Mirra,alias,alias_file,El 112CV pospone el artículo valenciano; el ICV lo antepone en la forma bilingüe.,reviewed,bilingual;postposed_article;alias,Excepción contrastada con el código y las variantes ICV; motivo detallado en municipality_aliases.json.
"Campello, el",59,03050,el Campello,el Campello,el Campello,el Campello,exact_variant,nom_mun_cas_a;nom_mun_val_a,,reviewed,postposed_article,El artículo pospuesto se contrastó con la forma principal y las variantes ICV.
Camporrobles,56,46080,Camporrobles,Camporrobles,Camporrobles,Camporrobles,exact_primary,nom_mun;nom_mun_cas;nom_mun_cas_a;nom_mun_val;nom_mun_val_a;noms_mun,,automatic,,
Canals,58,46081,Canals,Canals,Canals,Canals,exact_primary,nom_mun;nom_mun_cas;nom_mun_cas_a;nom_mun_val;nom_mun_val_a;noms_mun,,automatic,,
Canet d'En Berenguer,57,46082,Canet d'En Berenguer,Canet d'En Berenguer,Canet d'En Berenguer,Canet d'En Berenguer,exact_primary,nom_mun;nom_mun_cas;nom_mun_cas_a;nom_mun_val;nom_mun_val_a;noms_mun,,automatic,,
Canet lo Roig,55,12036,Canet lo Roig,Canet lo Roig,Canet lo Roig,Canet lo Roig,exact_primary,nom_mun;nom_mun_cas;nom_mun_cas_a;nom_mun_val;nom_mun_val_a;noms_mun,,automatic,,
Carcaixent,58,46083,Carcaixent,Carcaixent,Carcaixent,Carcaixent,exact_primary,nom_mun;nom_mun_cas;nom_mun_cas_a;nom_mun_val;nom_mun_val_a;noms_mun,,automatic,,
Carlet,56,46085,Carlet,Carlet,Carlet,Carlet,exact_primary,nom_mun;nom_mun_cas;nom_mun_cas_a;nom_mun_val;nom_mun_val_a;noms_mun,,automatic,,
Carrícola,58,46086,Carrícola,Carrícola,Carrícola,Carrícola,exact_primary,nom_mun;nom_mun_cas;nom_mun_cas_a;nom_mun_val;nom_mun_val_a;noms_mun,,automatic,,
Casas Altas,56,46087,Casas Altas,Casas Altas,Casas Altas,Casas Altas,exact_primary,nom_mun;nom_mun_cas;nom_mun_cas_a;nom_mun_val;nom_mun_val_a;noms_mun,,automatic,,
Casas Bajas,56,46088,Casas Bajas,Casas Bajas,Casas Bajas,Casas Bajas,exact_primary,nom_mun;nom_mun_cas;nom_mun_cas_a;nom_mun_val;nom_mun_val_a;noms_mun,,automatic,,
Casinos,56,46089,Casinos,Casinos,Casinos,Casinos,exact_primary,nom_mun;nom_mun_cas;nom_mun_cas_a;nom_mun_val;nom_mun_val_a;noms_mun,,automatic,,
Castalla,58,03053,Castalla,Castalla,Castalla,Castalla,exact_primary,nom_mun;nom_mun_cas;nom_mun_cas_a;nom_mun_val;nom_mun_val_a;noms_mun,,automatic,,
Castell de Cabres,53,12037,Castell de Cabres,Castell de Cabres,Castell de Cabres,Castell de Cabres,exact_primary,nom_mun;nom_mun_cas;nom_mun_cas_a;nom_mun_val;nom_mun_val_a;noms_mun,,automatic,,
Castell de Castells,58,03054,Castell de Castells,Castell de Castells,Castell de Castells,Castell de Castells,exact_primary,nom_mun;nom_mun_cas;nom_mun_cas_a;nom_mun_val;nom_mun_val_a;noms_mun,,automatic,,
"Castell de Guadalest, el",58,03075,el Castell de Guadalest,el Castell de Guadalest,el Castell de Guadalest,el Castell de Guadalest,exact_variant,nom_mun_cas_a;nom_mun_val_a,,reviewed,postposed_article,El artículo pospuesto se contrastó con la forma principal y las variantes ICV.
Castellfort,53,12038,Castellfort,Castellfort,Castellfort,Castellfort,exact_primary,nom_mun;nom_mun_cas;nom_mun_cas_a;nom_mun_val;nom_mun_val_a;noms_mun,,automatic,,
Castellnovo,54,12039,Castellnovo,Castellnovo,Castellnovo,Castellnovo,exact_primary,nom_mun;nom_mun_cas;nom_mun_cas_a;nom_mun_val;nom_mun_val_a;noms_mun,,automatic,,
Castellonet de la Conquesta,58,46091,Castellonet de la Conquesta,Castellonet de la Conquesta,Castellonet de la Conquesta,Castellonet de la Conquesta,exact_primary,nom_mun;nom_mun_cas;nom_mun_cas_a;nom_mun_val;nom_mun_val_a;noms_mun,,automatic,,
Castelló,58,46257,Castelló,Castelló,Castelló,Castelló,exact_primary,nom_mun;nom_mun_cas;nom_mun_cas_a;nom_mun_val;nom_mun_val_a;noms_mun,,automatic,,
Castelló de la Plana,55,12040,Castelló de la Plana,Castelló de la Plana,Castelló de la Plana,Castelló de la Plana,exact_primary,nom_mun;nom_mun_cas;nom_mun_cas_a;nom_mun_val;nom_mun_val_a;noms_mun,,automatic,,
Castelló de Rugat,58,46090,Castelló de Rugat,Castelló de Rugat,Castelló de Rugat,Castelló de Rugat,exact_primary,nom_mun;nom_mun_cas;nom_mun_cas_a;nom_mun_val;nom_mun_val_a;noms_mun,,automatic,,
Castielfabib,56,46092,Castielfabib,Castielfabib,Castielfabib,Castielfabib,exact_primary,nom_mun;nom_mun_cas;nom_mun_cas_a;nom_mun_val;nom_mun_val_a;noms_mun,,automatic,,
Castillo de Villamalefa,54,12041,Castillo de Villamalefa,Castillo de Villamalefa,Castillo de Villamalefa,Castillo de Villamalefa,exact_primary,nom_mun;nom_mun_cas;nom_mun_cas_a;nom_mun_val;nom_mun_val_a;noms_mun,,automatic,,
Catadau,56,46093,Catadau,Catadau,Catadau,Catadau,exact_primary,nom_mun;nom_mun_cas;nom_mun_cas_a;nom_mun_val;nom_mun_val_a;noms_mun,,automatic,,
Catarroja,57,46094,Catarroja,Catarroja,Catarroja,Catarroja,exact_primary,nom_mun;nom_mun_cas;nom_mun_cas_a;nom_mun_val;nom_mun_val_a;noms_mun,,automatic,,
Catral,59,03055,Catral,Catral,Catral,Catral,exact_primary,nom_mun;nom_mun_cas;nom_mun_cas_a;nom_mun_val;nom_mun_val_a;noms_mun,,automatic,,
Catí,53,12042,Catí,Catí,Catí,Catí,exact_primary,nom_mun;nom_mun_cas;nom_mun_cas_a;nom_mun_val;nom_mun_val_a;noms_mun,,automatic,,
Caudete de las Fuentes,56,46095,Caudete de las Fuentes,Caudete de las Fuentes,Caudete de las Fuentes,Caudete de las Fuentes,exact_primary,nom_mun;nom_mun_cas;nom_mun_cas_a;nom_mun_val;nom_mun_val_a;noms_mun,,automatic,,
Caudiel,54,12043,Caudiel,Caudiel,Caudiel,Caudiel,exact_primary,nom_mun;nom_mun_cas;nom_mun_cas_a;nom_mun_val;nom_mun_val_a;noms_mun,,automatic,,
Cañada,58,03052,Cañada,Cañada,Cañada,Cañada,exact_primary,nom_mun;nom_mun_cas;nom_mun_cas_a;nom_mun_val;nom_mun_val_a;noms_mun,,automatic,,
Cerdà,58,46096,Cerdà,Cerdà,Cerdà,Cerdà,exact_primary,nom_mun;nom_mun_cas;nom_mun_cas_a;nom_mun_val;nom_mun_val_a;noms_mun,,automatic,,
Cervera del Maestre,55,12044,Cervera del Maestre,Cervera del Maestre,Cervera del Maestre,Cervera del Maestre,exact_primary,nom_mun;nom_mun_cas;nom_mun_cas_a;nom_mun_val;nom_mun_val_a;noms_mun,,automatic,,
Chella,56,46107,Chella,Chella,Chella,Chella,exact_primary,nom_mun;nom_mun_cas;nom_mun_cas_a;nom_mun_val;nom_mun_val_a;noms_mun,,automatic,,
Chelva,56,46106,Chelva,Chelva,Chelva,Chelva,exact_primary,nom_mun;nom_mun_cas;nom_mun_cas_a;nom_mun_val;nom_mun_val_a;noms_mun,,automatic,,
Chera,56,46108,Chera,Chera,Chera,Chera,exact_primary,nom_mun;nom_mun_cas;nom_mun_cas_a;nom_mun_val;nom_mun_val_a;noms_mun,,automatic,,
Cheste,56,46109,Cheste,Cheste,Cheste,Cheste,exact_primary,nom_mun;nom_mun_cas;nom_mun_cas_a;nom_mun_val;nom_mun_val_a;noms_mun,,automatic,,
Chilches/Xilxes,55,12053,Xilxes,Chilches,Xilxes,Chilches/Xilxes,exact_variant,noms_mun,,reviewed,bilingual,Ambas formas lingüísticas se contrastaron con noms_mun y las variantes ICV.
Chiva,56,46111,Chiva,Chiva,Chiva,Chiva,exact_primary,nom_mun;nom_mun_cas;nom_mun_cas_a;nom_mun_val;nom_mun_val_a;noms_mun,,automatic,,
Chulilla,56,46112,Chulilla,Chulilla,Chulilla,Chulilla,exact_primary,nom_mun;nom_mun_cas;nom_mun_cas_a;nom_mun_val;nom_mun_val_a;noms_mun,,automatic,,
Chóvar,54,12056,Chóvar,Chóvar,Chóvar,Chóvar,exact_primary,nom_mun;nom_mun_cas;nom_mun_cas_a;nom_mun_val;nom_mun_val_a;noms_mun,,automatic,,
Cinctorres,53,12045,Cinctorres,Cinctorres,Cinctorres,Cinctorres,exact_primary,nom_mun;nom_mun_cas;nom_mun_cas_a;nom_mun_val;nom_mun_val_a;noms_mun,,automatic,,
Cirat,54,12046,Cirat,Cirat,Cirat,Cirat,exact_primary,nom_mun;nom_mun_cas;nom_mun_cas_a;nom_mun_val;nom_mun_val_a;noms_mun,,automatic,,
Cocentaina,58,03056,Cocentaina,Cocentaina,Cocentaina,Cocentaina,exact_primary,nom_mun;nom_mun_cas;nom_mun_cas_a;nom_mun_val;nom_mun_val_a;noms_mun,,automatic,,
Cofrentes,56,46097,Cofrentes,Cofrentes,Cofrentes,Cofrentes,exact_primary,nom_mun;nom_mun_cas;nom_mun_cas_a;nom_mun_val;nom_mun_val_a;noms_mun,,automatic,,
Confrides,58,03057,Confrides,Confrides,Confrides,Confrides,exact_primary,nom_mun;nom_mun_cas;nom_mun_cas_a;nom_mun_val;nom_mun_val_a;noms_mun,,automatic,,
Corbera,58,46098,Corbera,Corbera,Corbera,Corbera,exact_primary,nom_mun;nom_mun_cas;nom_mun_cas_a;nom_mun_val;nom_mun_val_a;noms_mun,,automatic,,
Cortes de Arenoso,54,12048,Cortes de Arenoso,Cortes de Arenoso,Cortes de Arenoso,Cortes de Arenoso,exact_primary,nom_mun;nom_mun_cas;nom_mun_cas_a;nom_mun_val;nom_mun_val_a;noms_mun,,automatic,,
Cortes de Pallás,56,46099,Cortes de Pallás,Cortes de Pallás,Cortes de Pallás,Cortes de Pallás,exact_primary,nom_mun;nom_mun_cas;nom_mun_cas_a;nom_mun_val;nom_mun_val_a;noms_mun,,automatic,,
Costur,54,12049,Costur,Costur,Costur,Costur,exact_primary,nom_mun;nom_mun_cas;nom_mun_cas_a;nom_mun_val;nom_mun_val_a;noms_mun,,automatic,,
Cotes,56,46100,Cotes,Cotes,Cotes,Cotes,exact_primary,nom_mun;nom_mun_cas;nom_mun_cas_a;nom_mun_val;nom_mun_val_a;noms_mun,,automatic,,
"Coves de Vinromà, les",55,12050,les Coves de Vinromà,les Coves de Vinromà,les Coves de Vinromà,les Coves de Vinromà,exact_variant,nom_mun_cas_a;nom_mun_val_a,,reviewed,postposed_article,El artículo pospuesto se contrastó con la forma principal y las variantes ICV.
Cox,59,03058,Cox,Cox,Cox,Cox,exact_primary,nom_mun;nom_mun_cas;nom_mun_cas_a;nom_mun_val;nom_mun_val_a;noms_mun,,automatic,,
Crevillent,59,03059,Crevillent,Crevillent,Crevillent,Crevillent,exact_primary,nom_mun;nom_mun_cas;nom_mun_cas_a;nom_mun_val;nom_mun_val_a;noms_mun,,automatic,,
Culla,53,12051,Culla,Culla,Culla,Culla,exact_primary,nom_mun;nom_mun_cas;nom_mun_cas_a;nom_mun_val;nom_mun_val_a;noms_mun,,automatic,,
Cullera,57,46105,Cullera,Cullera,Cullera,Cullera,exact_primary,nom_mun;nom_mun_cas;nom_mun_cas_a;nom_mun_val;nom_mun_val_a;noms_mun,,automatic,,
Càlig,55,12034,Càlig,Càlig,Càlig,Càlig,exact_primary,nom_mun;nom_mun_cas;nom_mun_cas_a;nom_mun_val;nom_mun_val_a;noms_mun,,automatic,,
Càrcer,56,46084,Càrcer,Càrcer,Càrcer,Càrcer,exact_primary,nom_mun;nom_mun_cas;nom_mun_cas_a;nom_mun_val;nom_mun_val_a;noms_mun,,automatic,,
Daimús,58,46113,Daimús,Daimús,Daimús,Daimús,exact_primary,nom_mun;nom_mun_cas;nom_mun_cas_a;nom_mun_val;nom_mun_val_a;noms_mun,,automatic,,
Daya Nueva,59,03061,Daya Nueva,Daya Nueva,Daya Nueva,Daya Nueva,exact_primary,nom_mun;nom_mun_cas;nom_mun_cas_a;nom_mun_val;nom_mun_val_a;noms_mun,,automatic,,
Daya Vieja,59,03062,Daya Vieja,Daya Vieja,Daya Vieja,Daya Vieja,exact_primary,nom_mun;nom_mun_cas;nom_mun_cas_a;nom_mun_val;nom_mun_val_a;noms_mun,,automatic,,
Dolores,59,03064,Dolores,Dolores,Dolores,Dolores,exact_primary,nom_mun;nom_mun_cas;nom_mun_cas_a;nom_mun_val;nom_mun_val_a;noms_mun,,automatic,,
Domeño,56,46114,Domeño,Domeño,Domeño,Domeño,exact_primary,nom_mun;nom_mun_cas;nom_mun_cas_a;nom_mun_val;nom_mun_val_a;noms_mun,,automatic,,
Dos Aguas,56,46115,Dos Aguas,Dos Aguas,Dos Aguas,Dos Aguas,exact_primary,nom_mun;nom_mun_cas;nom_mun_cas_a;nom_mun_val;nom_mun_val_a;noms_mun,,automatic,,
Dénia,58,03063,Dénia,Dénia,Dénia,Dénia,exact_primary,nom_mun;nom_mun_cas;nom_mun_cas_a;nom_mun_val;nom_mun_val_a;noms_mun,,automatic,,
Elda,58,03066,Elda,Elda,Elda,Elda,exact_primary,nom_mun;nom_mun_cas;nom_mun_cas_a;nom_mun_val;nom_mun_val_a;noms_mun,,automatic,,
"Eliana, l'",56,46116,l'Eliana,l'Eliana,l'Eliana,l'Eliana,exact_variant,nom_mun_cas_a;nom_mun_val_a,,reviewed,postposed_article,El artículo pospuesto se contrastó con la forma principal y las variantes ICV.
Elx/Elche,59,03065,Elx,Elche,Elx,Elx/Elche,exact_variant,noms_mun,,reviewed,bilingual,Ambas formas lingüísticas se contrastaron con noms_mun y las variantes ICV.
Emperador,57,46117,Emperador,Emperador,Emperador,Emperador,exact_primary,nom_mun;nom_mun_cas;nom_mun_cas_a;nom_mun_val;nom_mun_val_a;noms_mun,,automatic,,
Enguera,56,46118,Enguera,Enguera,Enguera,Enguera,exact_primary,nom_mun;nom_mun_cas;nom_mun_cas_a;nom_mun_val;nom_mun_val_a;noms_mun,,automatic,,
Eslida,54,12057,Eslida,Eslida,Eslida,Eslida,exact_primary,nom_mun;nom_mun_cas;nom_mun_cas_a;nom_mun_val;nom_mun_val_a;noms_mun,,automatic,,
Espadilla,54,12058,Espadilla,Espadilla,Espadilla,Espadilla,exact_primary,nom_mun;nom_mun_cas;nom_mun_cas_a;nom_mun_val;nom_mun_val_a;noms_mun,,automatic,,
Estivella,56,46120,Estivella,Estivella,Estivella,Estivella,exact_primary,nom_mun;nom_mun_cas;nom_mun_cas_a;nom_mun_val;nom_mun_val_a;noms_mun,,automatic,,
Estubeny,56,46121,Estubeny,Estubeny,Estubeny,Estubeny,exact_primary,nom_mun;nom_mun_cas;nom_mun_cas_a;nom_mun_val;nom_mun_val_a;noms_mun,,automatic,,
Fageca,58,03067,Fageca,Fageca,Fageca,Fageca,exact_primary,nom_mun;nom_mun_cas;nom_mun_cas_a;nom_mun_val;nom_mun_val_a;noms_mun,,automatic,,
Famorca,58,03068,Famorca,Famorca,Famorca,Famorca,exact_primary,nom_mun;nom_mun_cas;nom_mun_cas_a;nom_mun_val;nom_mun_val_a;noms_mun,,automatic,,
Fanzara,54,12059,Fanzara,Fanzara,Fanzara,Fanzara,exact_primary,nom_mun;nom_mun_cas;nom_mun_cas_a;nom_mun_val;nom_mun_val_a;noms_mun,,automatic,,
Faura,57,46122,Faura,Faura,Faura,Faura,exact_primary,nom_mun;nom_mun_cas;nom_mun_cas_a;nom_mun_val;nom_mun_val_a;noms_mun,,automatic,,
Favara,58,46123,Favara,Favara,Favara,Favara,exact_primary,nom_mun;nom_mun_cas;nom_mun_cas_a;nom_mun_val;nom_mun_val_a;noms_mun,,automatic,,
Figueroles,54,12060,Figueroles,Figueroles,Figueroles,Figueroles,exact_primary,nom_mun;nom_mun_cas;nom_mun_cas_a;nom_mun_val;nom_mun_val_a;noms_mun,,automatic,,
Finestrat,58,03069,Finestrat,Finestrat,Finestrat,Finestrat,exact_primary,nom_mun;nom_mun_cas;nom_mun_cas_a;nom_mun_val;nom_mun_val_a;noms_mun,,automatic,,
Foios,57,46126,Foios,Foios,Foios,Foios,exact_primary,nom_mun;nom_mun_cas;nom_mun_cas_a;nom_mun_val;nom_mun_val_a;noms_mun,,automatic,,
"Fondó de les Neus, el/Hondón de las Nieves",59,03077,el Fondó de les Neus,Hondón de las Nieves,el Fondó de les Neus,el Fondó de les Neus/Hondón de las Nieves,alias,alias_file,El 112CV pospone el artículo valenciano; el ICV lo antepone en la forma bilingüe.,reviewed,bilingual;postposed_article;alias,Excepción contrastada con el código y las variantes ICV; motivo detallado en municipality_aliases.json.
"Font d'en Carròs, la",58,46127,la Font d'en Carròs,la Font d'en Carròs,la Font d'en Carròs,la Font d'en Carròs,exact_variant,nom_mun_cas_a;nom_mun_val_a,,reviewed,postposed_article,El artículo pospuesto se contrastó con la forma principal y las variantes ICV.
"Font de la Figuera, la",58,46128,la Font de la Figuera,la Font de la Figuera,la Font de la Figuera,la Font de la Figuera,exact_variant,nom_mun_cas_a;nom_mun_val_a,,reviewed,postposed_article,El artículo pospuesto se contrastó con la forma principal y las variantes ICV.
Fontanars dels Alforins,58,46124,Fontanars dels Alforins,Fontanars dels Alforins,Fontanars dels Alforins,Fontanars dels Alforins,exact_primary,nom_mun;nom_mun_cas;nom_mun_cas_a;nom_mun_val;nom_mun_val_a;noms_mun,,automatic,,
Forcall,53,12061,Forcall,Forcall,Forcall,Forcall,exact_primary,nom_mun;nom_mun_cas;nom_mun_cas_a;nom_mun_val;nom_mun_val_a;noms_mun,,automatic,,
Formentera del Segura,59,03070,Formentera del Segura,Formentera del Segura,Formentera del Segura,Formentera del Segura,exact_primary,nom_mun;nom_mun_cas;nom_mun_cas_a;nom_mun_val;nom_mun_val_a;noms_mun,,automatic,,
Fortaleny,57,46125,Fortaleny,Fortaleny,Fortaleny,Fortaleny,exact_primary,nom_mun;nom_mun_cas;nom_mun_cas_a;nom_mun_val;nom_mun_val_a;noms_mun,,automatic,,
Fuente la Reina,54,12063,Fuente la Reina,Fuente la Reina,Fuente la Reina,Fuente la Reina,exact_primary,nom_mun;nom_mun_cas;nom_mun_cas_a;nom_mun_val;nom_mun_val_a;noms_mun,,automatic,,
Fuenterrobles,56,46129,Fuenterrobles,Fuenterrobles,Fuenterrobles,Fuenterrobles,exact_primary,nom_mun;nom_mun_cas;nom_mun_cas_a;nom_mun_val;nom_mun_val_a;noms_mun,,automatic,,
Fuentes de Ayódar,54,12064,Fuentes de Ayódar,Fuentes de Ayódar,Fuentes de Ayódar,Fuentes de Ayódar,exact_primary,nom_mun;nom_mun_cas;nom_mun_cas_a;nom_mun_val;nom_mun_val_a;noms_mun,,automatic,,
Gaianes,58,03072,Gaianes,Gaianes,Gaianes,Gaianes,exact_primary,nom_mun;nom_mun_cas;nom_mun_cas_a;nom_mun_val;nom_mun_val_a;noms_mun,,automatic,,
Gaibiel,54,12065,Gaibiel,Gaibiel,Gaibiel,Gaibiel,exact_primary,nom_mun;nom_mun_cas;nom_mun_cas_a;nom_mun_val;nom_mun_val_a;noms_mun,,automatic,,
Gandia,58,46131,Gandia,Gandia,Gandia,Gandia,exact_primary,nom_mun;nom_mun_cas;nom_mun_cas_a;nom_mun_val;nom_mun_val_a;noms_mun,,automatic,,
Gata de Gorgos,58,03071,Gata de Gorgos,Gata de Gorgos,Gata de Gorgos,Gata de Gorgos,exact_primary,nom_mun;nom_mun_cas;nom_mun_cas_a;nom_mun_val;nom_mun_val_a;noms_mun,,automatic,,
Gavarda,56,46130,Gavarda,Gavarda,Gavarda,Gavarda,exact_primary,nom_mun;nom_mun_cas;nom_mun_cas_a;nom_mun_val;nom_mun_val_a;noms_mun,,automatic,,
Geldo,56,12067,Geldo,Geldo,Geldo,Geldo,exact_primary,nom_mun;nom_mun_cas;nom_mun_cas_a;nom_mun_val;nom_mun_val_a;noms_mun,,automatic,,
"Genovés, el",58,46132,el Genovés,el Genovés,el Genovés,el Genovés,exact_variant,nom_mun_cas_a;nom_mun_val_a,,reviewed,postposed_article,El artículo pospuesto se contrastó con la forma principal y las variantes ICV.
Gestalgar,56,46133,Gestalgar,Gestalgar,Gestalgar,Gestalgar,exact_primary,nom_mun;nom_mun_cas;nom_mun_cas_a;nom_mun_val;nom_mun_val_a;noms_mun,,automatic,,
Gilet,56,46134,Gilet,Gilet,Gilet,Gilet,exact_primary,nom_mun;nom_mun_cas;nom_mun_cas_a;nom_mun_val;nom_mun_val_a;noms_mun,,automatic,,
Godella,57,46135,Godella,Godella,Godella,Godella,exact_primary,nom_mun;nom_mun_cas;nom_mun_cas_a;nom_mun_val;nom_mun_val_a;noms_mun,,automatic,,
Godelleta,56,46136,Godelleta,Godelleta,Godelleta,Godelleta,exact_primary,nom_mun;nom_mun_cas;nom_mun_cas_a;nom_mun_val;nom_mun_val_a;noms_mun,,automatic,,
Gorga,58,03073,Gorga,Gorga,Gorga,Gorga,exact_primary,nom_mun;nom_mun_cas;nom_mun_cas_a;nom_mun_val;nom_mun_val_a;noms_mun,,automatic,,
"Granja de la Costera, la",58,46137,la Granja de la Costera,la Granja de la Costera,la Granja de la Costera,la Granja de la Costera,exact_variant,nom_mun_cas_a;nom_mun_val_a,,reviewed,postposed_article,El artículo pospuesto se contrastó con la forma principal y las variantes ICV.
Granja de Rocamora,59,03074,Granja de Rocamora,Granja de Rocamora,Granja de Rocamora,Granja de Rocamora,exact_primary,nom_mun;nom_mun_cas;nom_mun_cas_a;nom_mun_val;nom_mun_val_a;noms_mun,,automatic,,
Guadassuar,56,46139,Guadassuar,Guadassuar,Guadassuar,Guadassuar,exact_primary,nom_mun;nom_mun_cas;nom_mun_cas_a;nom_mun_val;nom_mun_val_a;noms_mun,,automatic,,
Guadasséquies,58,46138,Guadasséquies,Guadasséquies,Guadasséquies,Guadasséquies,exact_primary,nom_mun;nom_mun_cas;nom_mun_cas_a;nom_mun_val;nom_mun_val_a;noms_mun,,automatic,,
Guardamar de la Safor,58,46140,Guardamar de la Safor,Guardamar de la Safor,Guardamar de la Safor,Guardamar de la Safor,exact_primary,nom_mun;nom_mun_cas;nom_mun_cas_a;nom_mun_val;nom_mun_val_a;noms_mun,,automatic,,
Guardamar del Segura,59,03076,Guardamar del Segura,Guardamar del Segura,Guardamar del Segura,Guardamar del Segura,exact_primary,nom_mun;nom_mun_cas;nom_mun_cas_a;nom_mun_val;nom_mun_val_a;noms_mun,,automatic,,
Gátova,56,46902,Gátova,Gátova,Gátova,Gátova,exact_primary,nom_mun;nom_mun_cas;nom_mun_cas_a;nom_mun_val;nom_mun_val_a;noms_mun,,automatic,,
Herbers,53,12068,Herbers,Herbers,Herbers,Herbers,exact_primary,nom_mun;nom_mun_cas;nom_mun_cas_a;nom_mun_val;nom_mun_val_a;noms_mun,,automatic,,
Higueras,54,12069,Higueras,Higueras,Higueras,Higueras,exact_primary,nom_mun;nom_mun_cas;nom_mun_cas_a;nom_mun_val;nom_mun_val_a;noms_mun,,automatic,,
Higueruelas,56,46141,Higueruelas,Higueruelas,Higueruelas,Higueruelas,exact_primary,nom_mun;nom_mun_cas;nom_mun_cas_a;nom_mun_val;nom_mun_val_a;noms_mun,,automatic,,
Hondón de los Frailes,59,03078,Hondón de los Frailes,Hondón de los Frailes,Hondón de los Frailes,Hondón de los Frailes,exact_primary,nom_mun;nom_mun_cas;nom_mun_cas_a;nom_mun_val;nom_mun_val_a;noms_mun,,automatic,,
Ibi,58,03079,Ibi,Ibi,Ibi,Ibi,exact_primary,nom_mun;nom_mun_cas;nom_mun_cas_a;nom_mun_val;nom_mun_val_a;noms_mun,,automatic,,
Jacarilla,59,03080,Jacarilla,Jacarilla,Jacarilla,Jacarilla,exact_primary,nom_mun;nom_mun_cas;nom_mun_cas_a;nom_mun_val;nom_mun_val_a;noms_mun,,automatic,,
Jalance,56,46142,Jalance,Jalance,Jalance,Jalance,exact_primary,nom_mun;nom_mun_cas;nom_mun_cas_a;nom_mun_val;nom_mun_val_a;noms_mun,,automatic,,
"Jana, la",55,12070,la Jana,la Jana,la Jana,la Jana,exact_variant,nom_mun_cas_a;nom_mun_val_a,,reviewed,postposed_article,El artículo pospuesto se contrastó con la forma principal y las variantes ICV.
Jarafuel,56,46144,Jarafuel,Jarafuel,Jarafuel,Jarafuel,exact_primary,nom_mun;nom_mun_cas;nom_mun_cas_a;nom_mun_val;nom_mun_val_a;noms_mun,,automatic,,
Jérica,54,12071,Jérica,Jérica,Jérica,Jérica,exact_primary,nom_mun;nom_mun_cas;nom_mun_cas_a;nom_mun_val;nom_mun_val_a;noms_mun,,automatic,,
Llanera de Ranes,58,46154,Llanera de Ranes,Llanera de Ranes,Llanera de Ranes,Llanera de Ranes,exact_primary,nom_mun;nom_mun_cas;nom_mun_cas_a;nom_mun_val;nom_mun_val_a;noms_mun,,automatic,,
Llaurí,58,46155,Llaurí,Llaurí,Llaurí,Llaurí,exact_primary,nom_mun;nom_mun_cas;nom_mun_cas_a;nom_mun_val;nom_mun_val_a;noms_mun,,automatic,,
Llocnou d'En Fenollet,58,46151,Llocnou d'En Fenollet,Llocnou d'En Fenollet,Llocnou d'En Fenollet,Llocnou d'En Fenollet,exact_primary,nom_mun;nom_mun_cas;nom_mun_cas_a;nom_mun_val;nom_mun_val_a;noms_mun,,automatic,,
Llocnou de la Corona,57,46152,Llocnou de la Corona,Llocnou de la Corona,Llocnou de la Corona,Llocnou de la Corona,exact_primary,nom_mun;nom_mun_cas;nom_mun_cas_a;nom_mun_val;nom_mun_val_a;noms_mun,,automatic,,
Llocnou de Sant Jeroni,58,46153,Llocnou de Sant Jeroni,Llocnou de Sant Jeroni,Llocnou de Sant Jeroni,Llocnou de Sant Jeroni,exact_primary,nom_mun;nom_mun_cas;nom_mun_cas_a;nom_mun_val;nom_mun_val_a;noms_mun,,automatic,,
Llombai,56,46156,Llombai,Llombai,Llombai,Llombai,exact_primary,nom_mun;nom_mun_cas;nom_mun_cas_a;nom_mun_val;nom_mun_val_a;noms_mun,,automatic,,
"Llosa de Ranes, la",58,46157,la Llosa de Ranes,la Llosa de Ranes,la Llosa de Ranes,la Llosa de Ranes,exact_variant,nom_mun_cas_a;nom_mun_val_a,,reviewed,postposed_article,El artículo pospuesto se contrastó con la forma principal y las variantes ICV.
"Llosa, la",55,12074,la Llosa,la Llosa,la Llosa,la Llosa,exact_variant,nom_mun_cas_a;nom_mun_val_a,,reviewed,postposed_article,El artículo pospuesto se contrastó con la forma principal y las variantes ICV.
Llucena/Lucena del Cid,54,12072,Llucena,Lucena del Cid,Llucena,Llucena/Lucena del Cid,exact_variant,noms_mun,,reviewed,bilingual,Ambas formas lingüísticas se contrastaron con noms_mun y las variantes ICV.
Llutxent,58,46150,Llutxent,Llutxent,Llutxent,Llutxent,exact_primary,nom_mun;nom_mun_cas;nom_mun_cas_a;nom_mun_val;nom_mun_val_a;noms_mun,,automatic,,
Llíber,58,03085,Llíber,Llíber,Llíber,Llíber,exact_primary,nom_mun;nom_mun_cas;nom_mun_cas_a;nom_mun_val;nom_mun_val_a;noms_mun,,automatic,,
Llíria,56,46147,Llíria,Llíria,Llíria,Llíria,exact_primary,nom_mun;nom_mun_cas;nom_mun_cas_a;nom_mun_val;nom_mun_val_a;noms_mun,,automatic,,
Loriguilla,56,46148,Loriguilla,Loriguilla,Loriguilla,Loriguilla,exact_primary,nom_mun;nom_mun_cas;nom_mun_cas_a;nom_mun_val;nom_mun_val_a;noms_mun,,automatic,,
Losa del Obispo,56,46149,Losa del Obispo,Losa del Obispo,Losa del Obispo,Losa del Obispo,exact_primary,nom_mun;nom_mun_cas;nom_mun_cas_a;nom_mun_val;nom_mun_val_a;noms_mun,,automatic,,
Ludiente,54,12073,Ludiente,Ludiente,Ludiente,Ludiente,exact_primary,nom_mun;nom_mun_cas;nom_mun_cas_a;nom_mun_val;nom_mun_val_a;noms_mun,,automatic,,
Macastre,56,46158,Macastre,Macastre,Macastre,Macastre,exact_primary,nom_mun;nom_mun_cas;nom_mun_cas_a;nom_mun_val;nom_mun_val_a;noms_mun,,automatic,,
Manises,56,46159,Manises,Manises,Manises,Manises,exact_primary,nom_mun;nom_mun_cas;nom_mun_cas_a;nom_mun_val;nom_mun_val_a;noms_mun,,automatic,,
Manuel,58,46160,Manuel,Manuel,Manuel,Manuel,exact_primary,nom_mun;nom_mun_cas;nom_mun_cas_a;nom_mun_val;nom_mun_val_a;noms_mun,,automatic,,
Marines,56,46161,Marines,Marines,Marines,Marines,exact_primary,nom_mun;nom_mun_cas;nom_mun_cas_a;nom_mun_val;nom_mun_val_a;noms_mun,,automatic,,
Massalavés,56,46162,Massalavés,Massalavés,Massalavés,Massalavés,exact_primary,nom_mun;nom_mun_cas;nom_mun_cas_a;nom_mun_val;nom_mun_val_a;noms_mun,,automatic,,
Massalfassar,57,46163,Massalfassar,Massalfassar,Massalfassar,Massalfassar,exact_primary,nom_mun;nom_mun_cas;nom_mun_cas_a;nom_mun_val;nom_mun_val_a;noms_mun,,automatic,,
Massamagrell,57,46164,Massamagrell,Massamagrell,Massamagrell,Massamagrell,exact_primary,nom_mun;nom_mun_cas;nom_mun_cas_a;nom_mun_val;nom_mun_val_a;noms_mun,,automatic,,
Massanassa,57,46165,Massanassa,Massanassa,Massanassa,Massanassa,exact_primary,nom_mun;nom_mun_cas;nom_mun_cas_a;nom_mun_val;nom_mun_val_a;noms_mun,,automatic,,
"Mata de Morella, la",53,12075,la Mata de Morella,la Mata de Morella,la Mata de Morella,la Mata de Morella,exact_variant,nom_mun_cas_a;nom_mun_val_a,,reviewed,postposed_article,El artículo pospuesto se contrastó con la forma principal y las variantes ICV.
Matet,54,12076,Matet,Matet,Matet,Matet,exact_primary,nom_mun;nom_mun_cas;nom_mun_cas_a;nom_mun_val;nom_mun_val_a;noms_mun,,automatic,,
Meliana,57,46166,Meliana,Meliana,Meliana,Meliana,exact_primary,nom_mun;nom_mun_cas;nom_mun_cas_a;nom_mun_val;nom_mun_val_a;noms_mun,,automatic,,
Millares,56,46167,Millares,Millares,Millares,Millares,exact_primary,nom_mun;nom_mun_cas;nom_mun_cas_a;nom_mun_val;nom_mun_val_a;noms_mun,,automatic,,
Millena,58,03086,Millena,Millena,Millena,Millena,exact_primary,nom_mun;nom_mun_cas;nom_mun_cas_a;nom_mun_val;nom_mun_val_a;noms_mun,,automatic,,
Miramar,58,46168,Miramar,Miramar,Miramar,Miramar,exact_primary,nom_mun;nom_mun_cas;nom_mun_cas_a;nom_mun_val;nom_mun_val_a;noms_mun,,automatic,,
Mislata,57,46169,Mislata,Mislata,Mislata,Mislata,exact_primary,nom_mun;nom_mun_cas;nom_mun_cas_a;nom_mun_val;nom_mun_val_a;noms_mun,,automatic,,
Moixent/Mogente,58,46170,Moixent,Mogente,Moixent,Moixent/Mogente,exact_variant,noms_mun,,reviewed,bilingual,Ambas formas lingüísticas se contrastaron con noms_mun y las variantes ICV.
Moncada,57,46171,Montcada,Moncada,Montcada,Montcada/Moncada,exact_variant,nom_mun_cas;nom_mun_cas_a,,automatic,,
Moncofa,55,12077,Moncofa,Moncofa,Moncofa,Moncofa,exact_primary,nom_mun;nom_mun_cas;nom_mun_cas_a;nom_mun_val;nom_mun_val_a;noms_mun,,automatic,,
Monforte del Cid,59,03088,Monforte del Cid,Monforte del Cid,Monforte del Cid,Monforte del Cid,exact_primary,nom_mun;nom_mun_cas;nom_mun_cas_a;nom_mun_val;nom_mun_val_a;noms_mun,,automatic,,
Montanejos,54,12079,Montanejos,Montanejos,Montanejos,Montanejos,exact_primary,nom_mun;nom_mun_cas;nom_mun_cas_a;nom_mun_val;nom_mun_val_a;noms_mun,,automatic,,
Montaverner,58,46173,Montaverner,Montaverner,Montaverner,Montaverner,exact_primary,nom_mun;nom_mun_cas;nom_mun_cas_a;nom_mun_val;nom_mun_val_a;noms_mun,,automatic,,
Montesa,58,46174,Montesa,Montesa,Montesa,Montesa,exact_primary,nom_mun;nom_mun_cas;nom_mun_cas_a;nom_mun_val;nom_mun_val_a;noms_mun,,automatic,,
"Montesinos, Los",59,03903,Los Montesinos,Los Montesinos,Los Montesinos,Los Montesinos,exact_variant,nom_mun_cas_a;nom_mun_val_a,,reviewed,postposed_article,El artículo pospuesto se contrastó con la forma principal y las variantes ICV.
Montitxelvo/Montichelvo,58,46175,Montitxelvo,Montichelvo,Montitxelvo,Montitxelvo/Montichelvo,exact_variant,noms_mun,,reviewed,bilingual,Ambas formas lingüísticas se contrastaron con noms_mun y las variantes ICV.
Montroi/Montroy,56,46176,Montroi,Montroi,Montroy,Montroi/Montroy,exact_variant,noms_mun,,reviewed,bilingual,Ambas formas lingüísticas se contrastaron con noms_mun y las variantes ICV.
Montserrat,56,46172,Montserrat,Montserrat,Montserrat,Montserrat,exact_primary,nom_mun;nom_mun_cas;nom_mun_cas_a;nom_mun_val;nom_mun_val_a;noms_mun,,automatic,,
Montán,54,12078,Montán,Montán,Montán,Montán,exact_primary,nom_mun;nom_mun_cas;nom_mun_cas_a;nom_mun_val;nom_mun_val_a;noms_mun,,automatic,,
Monòver/Monóvar,58,03089,Monòver,Monóvar,Monòver,Monòver/Monóvar,exact_variant,noms_mun,,reviewed,bilingual,Ambas formas lingüísticas se contrastaron con noms_mun y las variantes ICV.
Morella,53,12080,Morella,Morella,Morella,Morella,exact_primary,nom_mun;nom_mun_cas;nom_mun_cas_a;nom_mun_val;nom_mun_val_a;noms_mun,,automatic,,
Murla,58,03091,Murla,Murla,Murla,Murla,exact_primary,nom_mun;nom_mun_cas;nom_mun_cas_a;nom_mun_val;nom_mun_val_a;noms_mun,,automatic,,
Muro de Alcoy,58,03092,Muro de Alcoy,Muro de Alcoy,Muro de Alcoy,Muro de Alcoy,exact_primary,nom_mun;nom_mun_cas;nom_mun_cas_a;nom_mun_val;nom_mun_val_a;noms_mun,,automatic,,
Museros,57,46177,Museros,Museros,Museros,Museros,exact_primary,nom_mun;nom_mun_cas;nom_mun_cas_a;nom_mun_val;nom_mun_val_a;noms_mun,,automatic,,
Mutxamel,59,03090,Mutxamel,Mutxamel,Mutxamel,Mutxamel,exact_primary,nom_mun;nom_mun_cas;nom_mun_cas_a;nom_mun_val;nom_mun_val_a;noms_mun,,automatic,,
Navajas,54,12081,Navajas,Navajas,Navajas,Navajas,exact_primary,nom_mun;nom_mun_cas;nom_mun_cas_a;nom_mun_val;nom_mun_val_a;noms_mun,,automatic,,
Navarrés,56,46179,Navarrés,Navarrés,Navarrés,Navarrés,exact_primary,nom_mun;nom_mun_cas;nom_mun_cas_a;nom_mun_val;nom_mun_val_a;noms_mun,,automatic,,
Novelda,59,03093,Novelda,Novelda,Novelda,Novelda,exact_primary,nom_mun;nom_mun_cas;nom_mun_cas_a;nom_mun_val;nom_mun_val_a;noms_mun,,automatic,,
Novetlè/Novelé,58,46180,Novetlè,Novetlè,Novetlè,Novetlè,alias,alias_file,El 112CV publica una forma bilingüe y el ICV solo conserva Novetlè en sus variantes nominales.,reviewed,bilingual;alias,Excepción contrastada con el código y las variantes ICV; motivo detallado en municipality_aliases.json.
"Nucia, la",58,03094,la Nucia,la Nucia,la Nucia,la Nucia,exact_variant,nom_mun_cas_a;nom_mun_val_a,,reviewed,postposed_article,El artículo pospuesto se contrastó con la forma principal y las variantes ICV.
Nules,55,12082,Nules,Nules,Nules,Nules,exact_primary,nom_mun;nom_mun_cas;nom_mun_cas_a;nom_mun_val;nom_mun_val_a;noms_mun,,automatic,,
Nàquera/Náquera,56,46178,Nàquera,Náquera,Nàquera,Nàquera/Náquera,exact_variant,noms_mun,,reviewed,bilingual,Ambas formas lingüísticas se contrastaron con noms_mun y las variantes ICV.
Oliva,58,46181,Oliva,Oliva,Oliva,Oliva,exact_primary,nom_mun;nom_mun_cas;nom_mun_cas_a;nom_mun_val;nom_mun_val_a;noms_mun,,automatic,,
"Olleria, l'",58,46183,l'Olleria,l'Olleria,l'Olleria,l'Olleria,exact_variant,nom_mun_cas_a;nom_mun_val_a,,reviewed,postposed_article,El artículo pospuesto se contrastó con la forma principal y las variantes ICV.
Olocau,56,46182,Olocau,Olocau,Olocau,Olocau,exact_primary,nom_mun;nom_mun_cas;nom_mun_cas_a;nom_mun_val;nom_mun_val_a;noms_mun,,automatic,,
Olocau del Rey,53,12083,Olocau del Rey,Olocau del Rey,Olocau del Rey,Olocau del Rey,exact_primary,nom_mun;nom_mun_cas;nom_mun_cas_a;nom_mun_val;nom_mun_val_a;noms_mun,,automatic,,
Onda,54,12084,Onda,Onda,Onda,Onda,exact_primary,nom_mun;nom_mun_cas;nom_mun_cas_a;nom_mun_val;nom_mun_val_a;noms_mun,,automatic,,
Ondara,58,03095,Ondara,Ondara,Ondara,Ondara,exact_primary,nom_mun;nom_mun_cas;nom_mun_cas_a;nom_mun_val;nom_mun_val_a;noms_mun,,automatic,,
Onil,58,03096,Onil,Onil,Onil,Onil,exact_primary,nom_mun;nom_mun_cas;nom_mun_cas_a;nom_mun_val;nom_mun_val_a;noms_mun,,automatic,,
Ontinyent,58,46184,Ontinyent,Ontinyent,Ontinyent,Ontinyent,exact_primary,nom_mun;nom_mun_cas;nom_mun_cas_a;nom_mun_val;nom_mun_val_a;noms_mun,,automatic,,
Orba,58,03097,Orba,Orba,Orba,Orba,exact_primary,nom_mun;nom_mun_cas;nom_mun_cas_a;nom_mun_val;nom_mun_val_a;noms_mun,,automatic,,
Orihuela,59,03099,Orihuela,Orihuela,Orihuela,Orihuela,exact_primary,nom_mun;nom_mun_cas;nom_mun_cas_a;nom_mun_val;nom_mun_val_a;noms_mun,,automatic,,
Orpesa/Oropesa del Mar,55,12085,Orpesa,Oropesa del Mar,Orpesa,Orpesa/Oropesa del Mar,exact_variant,noms_mun,,reviewed,bilingual,Ambas formas lingüísticas se contrastaron con noms_mun y las variantes ICV.
"Orxa, l'/Lorcha",58,03084,l'Orxa,Lorcha,l' Orxa,l'Orxa/Lorcha,alias,alias_file,El 112CV pospone el artículo apostrofado; el ICV lo antepone en la forma bilingüe.,reviewed,bilingual;postposed_article;alias,Excepción contrastada con el código y las variantes ICV; motivo detallado en municipality_aliases.json.
Orxeta,58,03098,Orxeta,Orxeta,Orxeta,Orxeta,exact_primary,nom_mun;nom_mun_cas;nom_mun_cas_a;nom_mun_val;nom_mun_val_a;noms_mun,,automatic,,
Otos,58,46185,Otos,Otos,Otos,Otos,exact_primary,nom_mun;nom_mun_cas;nom_mun_cas_a;nom_mun_val;nom_mun_val_a;noms_mun,,automatic,,
Paiporta,57,46186,Paiporta,Paiporta,Paiporta,Paiporta,exact_primary,nom_mun;nom_mun_cas;nom_mun_cas_a;nom_mun_val;nom_mun_val_a;noms_mun,,automatic,,
Palanques,53,12087,Palanques,Palanques,Palanques,Palanques,exact_primary,nom_mun;nom_mun_cas;nom_mun_cas_a;nom_mun_val;nom_mun_val_a;noms_mun,,automatic,,
Palma de Gandía,58,46187,Palma de Gandía,Palma de Gandía,Palma de Gandía,Palma de Gandía,exact_primary,nom_mun;nom_mun_cas;nom_mun_cas_a;nom_mun_val;nom_mun_val_a;noms_mun,,automatic,,
Palmera,58,46188,Palmera,Palmera,Palmera,Palmera,exact_primary,nom_mun;nom_mun_cas;nom_mun_cas_a;nom_mun_val;nom_mun_val_a;noms_mun,,automatic,,
"Palomar, el",58,46189,el Palomar,el Palomar,el Palomar,el Palomar,exact_variant,nom_mun_cas_a;nom_mun_val_a,,reviewed,postposed_article,El artículo pospuesto se contrastó con la forma principal y las variantes ICV.
Parcent,58,03100,Parcent,Parcent,Parcent,Parcent,exact_primary,nom_mun;nom_mun_cas;nom_mun_cas_a;nom_mun_val;nom_mun_val_a;noms_mun,,automatic,,
Paterna,56,46190,Paterna,Paterna,Paterna,Paterna,exact_primary,nom_mun;nom_mun_cas;nom_mun_cas_a;nom_mun_val;nom_mun_val_a;noms_mun,,automatic,,
Pavías,54,12088,Pavías,Pavías,Pavías,Pavías,exact_primary,nom_mun;nom_mun_cas;nom_mun_cas_a;nom_mun_val;nom_mun_val_a;noms_mun,,automatic,,
Pedralba,56,46191,Pedralba,Pedralba,Pedralba,Pedralba,exact_primary,nom_mun;nom_mun_cas;nom_mun_cas_a;nom_mun_val;nom_mun_val_a;noms_mun,,automatic,,
Pedreguer,58,03101,Pedreguer,Pedreguer,Pedreguer,Pedreguer,exact_primary,nom_mun;nom_mun_cas;nom_mun_cas_a;nom_mun_val;nom_mun_val_a;noms_mun,,automatic,,
Pego,58,03102,Pego,Pego,Pego,Pego,exact_primary,nom_mun;nom_mun_cas;nom_mun_cas_a;nom_mun_val;nom_mun_val_a;noms_mun,,automatic,,
Penàguila,58,03103,Penàguila,Penàguila,Penàguila,Penàguila,exact_primary,nom_mun;nom_mun_cas;nom_mun_cas_a;nom_mun_val;nom_mun_val_a;noms_mun,,automatic,,
Peníscola/Peñíscola,55,12089,Peníscola,Peñíscola,Peníscola,Peníscola/Peñíscola,exact_variant,noms_mun,,reviewed,bilingual,Ambas formas lingüísticas se contrastaron con noms_mun y las variantes ICV.
Petrer,58,03104,Petrer,Petrer,Petrer,Petrer,exact_primary,nom_mun;nom_mun_cas;nom_mun_cas_a;nom_mun_val;nom_mun_val_a;noms_mun,,automatic,,
Petrés,57,46192,Petrés,Petrés,Petrés,Petrés,exact_primary,nom_mun;nom_mun_cas;nom_mun_cas_a;nom_mun_val;nom_mun_val_a;noms_mun,,automatic,,
Picanya,57,46193,Picanya,Picanya,Picanya,Picanya,exact_primary,nom_mun;nom_mun_cas;nom_mun_cas_a;nom_mun_val;nom_mun_val_a;noms_mun,,automatic,,
Picassent,57,46194,Picassent,Picassent,Picassent,Picassent,exact_primary,nom_mun;nom_mun_cas;nom_mun_cas_a;nom_mun_val;nom_mun_val_a;noms_mun,,automatic,,
Pilar de la Horadada,59,03902,Pilar de la Horadada,Pilar de la Horadada,Pilar de la Horadada,Pilar de la Horadada,exact_primary,nom_mun;nom_mun_cas;nom_mun_cas_a;nom_mun_val;nom_mun_val_a;noms_mun,,automatic,,
Piles,58,46195,Piles,Piles,Piles,Piles,exact_primary,nom_mun;nom_mun_cas;nom_mun_cas_a;nom_mun_val;nom_mun_val_a;noms_mun,,automatic,,
Pina de Montalgrao,54,12090,Pina de Montalgrao,Pina de Montalgrao,Pina de Montalgrao,Pina de Montalgrao,exact_primary,nom_mun;nom_mun_cas;nom_mun_cas_a;nom_mun_val;nom_mun_val_a;noms_mun,,automatic,,
Pinet,58,46196,Pinet,Pinet,Pinet,Pinet,exact_primary,nom_mun;nom_mun_cas;nom_mun_cas_a;nom_mun_val;nom_mun_val_a;noms_mun,,automatic,,
"Pinós, el/Pinoso",58,03105,el Pinós,Pinoso,el Pinós,"Pinós, el/Pinoso",exact_variant,noms_mun,,reviewed,bilingual;postposed_article,Ambas formas lingüísticas y el artículo pospuesto se contrastaron con las variantes ICV.
Planes,58,03106,Planes,Planes,Planes,Planes,exact_primary,nom_mun;nom_mun_cas;nom_mun_cas_a;nom_mun_val;nom_mun_val_a;noms_mun,,automatic,,
"Pobla de Benifassà, la",53,12093,La Pobla de Benifassà,La Pobla de Benifassà,La Pobla de Benifassà,La Pobla de Benifassà,alias,alias_file,El 112CV pospone y escribe en minúscula el artículo; el ICV lo antepone como La.,reviewed,postposed_article;alias,Excepción contrastada con el código y las variantes ICV; motivo detallado en municipality_aliases.json.
"Pobla de Farnals, la",57,46199,la Pobla de Farnals,la Pobla de Farnals,la Pobla de Farnals,la Pobla de Farnals,exact_variant,nom_mun_cas_a;nom_mun_val_a,,reviewed,postposed_article,El artículo pospuesto se contrastó con la forma principal y las variantes ICV.
"Pobla de Vallbona, la",56,46202,la Pobla de Vallbona,la Pobla de Vallbona,la Pobla de Vallbona,la Pobla de Vallbona,exact_variant,nom_mun_cas_a;nom_mun_val_a,,reviewed,postposed_article,El artículo pospuesto se contrastó con la forma principal y las variantes ICV.
"Pobla del Duc, la",58,46200,la Pobla del Duc,la Pobla del Duc,la Pobla del Duc,la Pobla del Duc,exact_variant,nom_mun_cas_a;nom_mun_val_a,,reviewed,postposed_article,El artículo pospuesto se contrastó con la forma principal y las variantes ICV.
"Pobla Llarga, la",58,46203,la Pobla Llarga,la Pobla Llarga,la Pobla Llarga,la Pobla Llarga,exact_variant,nom_mun_cas_a;nom_mun_val_a,,reviewed,postposed_article,El artículo pospuesto se contrastó con la forma principal y las variantes ICV.
"Pobla Tornesa, la",55,12094,la Pobla Tornesa,la Pobla Tornesa,la Pobla Tornesa,la Pobla Tornesa,exact_variant,nom_mun_cas_a;nom_mun_val_a,,reviewed,postposed_article,El artículo pospuesto se contrastó con la forma principal y las variantes ICV.
"Poble Nou de Benitatxell, el/Benitachell",58,03042,el Poble Nou de Benitatxell,Benitachell,el Poble Nou de Benitatxell,el Poble Nou de Benitatxell/Benitachell,alias,alias_file,El 112CV pospone el artículo valenciano; el ICV lo antepone en la forma bilingüe.,reviewed,bilingual;postposed_article;alias,Excepción contrastada con el código y las variantes ICV; motivo detallado en municipality_aliases.json.
"Poblets, els",58,03901,els Poblets,els Poblets,els Poblets,els Poblets,exact_variant,nom_mun_cas_a;nom_mun_val_a,,reviewed,postposed_article,El artículo pospuesto se contrastó con la forma principal y las variantes ICV.
Polinyà de Xúquer,57,46197,Polinyà de Xúquer,Polinyà de Xúquer,Polinyà de Xúquer,Polinyà de Xúquer,exact_primary,nom_mun;nom_mun_cas;nom_mun_cas_a;nom_mun_val;nom_mun_val_a;noms_mun,,automatic,,
Polop,58,03107,Polop,Polop,Polop,Polop,exact_primary,nom_mun;nom_mun_cas;nom_mun_cas_a;nom_mun_val;nom_mun_val_a;noms_mun,,automatic,,
Portell de Morella,53,12091,Portell de Morella,Portell de Morella,Portell de Morella,Portell de Morella,exact_primary,nom_mun;nom_mun_cas;nom_mun_cas_a;nom_mun_val;nom_mun_val_a;noms_mun,,automatic,,
Potries,58,46198,Potries,Potries,Potries,Potries,exact_primary,nom_mun;nom_mun_cas;nom_mun_cas_a;nom_mun_val;nom_mun_val_a;noms_mun,,automatic,,
Puebla de Arenoso,54,12092,Puebla de Arenoso,Puebla de Arenoso,Puebla de Arenoso,Puebla de Arenoso,exact_primary,nom_mun;nom_mun_cas;nom_mun_cas_a;nom_mun_val;nom_mun_val_a;noms_mun,,automatic,,
Puebla de San Miguel,56,46201,Puebla de San Miguel,Puebla de San Miguel,Puebla de San Miguel,Puebla de San Miguel,exact_primary,nom_mun;nom_mun_cas;nom_mun_cas_a;nom_mun_val;nom_mun_val_a;noms_mun,,automatic,,
"Puig de Santa Maria, el",57,46204,el Puig de Santa Maria,el Puig de Santa Maria,el Puig de Santa Maria,el Puig de Santa Maria,exact_variant,nom_mun_cas_a;nom_mun_val_a,,reviewed,postposed_article,El artículo pospuesto se contrastó con la forma principal y las variantes ICV.
Puçol,57,46205,Puçol,Puçol,Puçol,Puçol,exact_primary,nom_mun;nom_mun_cas;nom_mun_cas_a;nom_mun_val;nom_mun_val_a;noms_mun,,automatic,,
Quart de les Valls,57,46101,Quart de les Valls,Quart de les Valls,Quart de les Valls,Quart de les Valls,exact_primary,nom_mun;nom_mun_cas;nom_mun_cas_a;nom_mun_val;nom_mun_val_a;noms_mun,,automatic,,
Quart de Poblet,56,46102,Quart de Poblet,Quart de Poblet,Quart de Poblet,Quart de Poblet,exact_primary,nom_mun;nom_mun_cas;nom_mun_cas_a;nom_mun_val;nom_mun_val_a;noms_mun,,automatic,,
Quartell,57,46103,Quartell,Quartell,Quartell,Quartell,exact_primary,nom_mun;nom_mun_cas;nom_mun_cas_a;nom_mun_val;nom_mun_val_a;noms_mun,,automatic,,
Quatretonda,58,46104,Quatretonda,Quatretonda,Quatretonda,Quatretonda,exact_primary,nom_mun;nom_mun_cas;nom_mun_cas_a;nom_mun_val;nom_mun_val_a;noms_mun,,automatic,,
Quatretondeta,58,03060,Quatretondeta,Quatretondeta,Quatretondeta,Quatretondeta,exact_primary,nom_mun;nom_mun_cas;nom_mun_cas_a;nom_mun_val;nom_mun_val_a;noms_mun,,automatic,,
Quesa,56,46206,Quesa,Quesa,Quesa,Quesa,exact_primary,nom_mun;nom_mun_cas;nom_mun_cas_a;nom_mun_val;nom_mun_val_a;noms_mun,,automatic,,
Rafal,59,03109,Rafal,Rafal,Rafal,Rafal,exact_primary,nom_mun;nom_mun_cas;nom_mun_cas_a;nom_mun_val;nom_mun_val_a;noms_mun,,automatic,,
Rafelbunyol,57,46207,Rafelbunyol,Rafelbunyol,Rafelbunyol,Rafelbunyol,exact_primary,nom_mun;nom_mun_cas;nom_mun_cas_a;nom_mun_val;nom_mun_val_a;noms_mun,,automatic,,
Rafelcofer,58,46208,Rafelcofer,Rafelcofer,Rafelcofer,Rafelcofer,exact_primary,nom_mun;nom_mun_cas;nom_mun_cas_a;nom_mun_val;nom_mun_val_a;noms_mun,,automatic,,
Rafelguaraf,58,46209,Rafelguaraf,Rafelguaraf,Rafelguaraf,Rafelguaraf,exact_primary,nom_mun;nom_mun_cas;nom_mun_cas_a;nom_mun_val;nom_mun_val_a;noms_mun,,automatic,,
Real,56,46212,Real,Real,Real,Real,exact_primary,nom_mun;nom_mun_cas;nom_mun_cas_a;nom_mun_val;nom_mun_val_a;noms_mun,,automatic,,
"Real de Gandia, el",58,46211,el Real de Gandia,el Real de Gandia,el Real de Gandia,el Real de Gandia,exact_variant,nom_mun_cas_a;nom_mun_val_a,,reviewed,postposed_article,El artículo pospuesto se contrastó con la forma principal y las variantes ICV.
Redován,59,03111,Redován,Redován,Redován,Redován,exact_primary,nom_mun;nom_mun_cas;nom_mun_cas_a;nom_mun_val;nom_mun_val_a;noms_mun,,automatic,,
Relleu,58,03112,Relleu,Relleu,Relleu,Relleu,exact_primary,nom_mun;nom_mun_cas;nom_mun_cas_a;nom_mun_val;nom_mun_val_a;noms_mun,,automatic,,
Requena,56,46213,Requena,Requena,Requena,Requena,exact_primary,nom_mun;nom_mun_cas;nom_mun_cas_a;nom_mun_val;nom_mun_val_a;noms_mun,,automatic,,
Riba-roja de Túria,56,46214,Riba-roja de Túria,Riba-roja de Túria,Riba-roja de Túria,Riba-roja de Túria,exact_primary,nom_mun;nom_mun_cas;nom_mun_cas_a;nom_mun_val;nom_mun_val_a;noms_mun,,automatic,,
Ribesalbes,54,12095,Ribesalbes,Ribesalbes,Ribesalbes,Ribesalbes,exact_primary,nom_mun;nom_mun_cas;nom_mun_cas_a;nom_mun_val;nom_mun_val_a;noms_mun,,automatic,,
Riola,57,46215,Riola,Riola,Riola,Riola,exact_primary,nom_mun;nom_mun_cas;nom_mun_cas_a;nom_mun_val;nom_mun_val_a;noms_mun,,automatic,,
Rocafort,57,46216,Rocafort,Rocafort,Rocafort,Rocafort,exact_primary,nom_mun;nom_mun_cas;nom_mun_cas_a;nom_mun_val;nom_mun_val_a;noms_mun,,automatic,,
Rojales,59,03113,Rojales,Rojales,Rojales,Rojales,exact_primary,nom_mun;nom_mun_cas;nom_mun_cas_a;nom_mun_val;nom_mun_val_a;noms_mun,,automatic,,
"Romana, la",59,03114,la Romana,la Romana,la Romana,la Romana,exact_variant,nom_mun_cas_a;nom_mun_val_a,,reviewed,postposed_article,El artículo pospuesto se contrastó con la forma principal y las variantes ICV.
Rossell,53,12096,Rossell,Rossell,Rossell,Rossell,exact_primary,nom_mun;nom_mun_cas;nom_mun_cas_a;nom_mun_val;nom_mun_val_a;noms_mun,,automatic,,
Rotglà i Corberà,58,46217,Rotglà i Corberà,Rotglà i Corberà,Rotglà i Corberà,Rotglà i Corberà,exact_primary,nom_mun;nom_mun_cas;nom_mun_cas_a;nom_mun_val;nom_mun_val_a;noms_mun,,automatic,,
Rugat,58,46219,Rugat,Rugat,Rugat,Rugat,exact_primary,nom_mun;nom_mun_cas;nom_mun_cas_a;nom_mun_val;nom_mun_val_a;noms_mun,,automatic,,
"Ràfol d'Almúnia, el",58,03110,el Ràfol d'Almúnia,el Ràfol d'Almúnia,el Ràfol d'Almúnia,el Ràfol d'Almúnia,exact_variant,nom_mun_cas_a;nom_mun_val_a,,reviewed,postposed_article,El artículo pospuesto se contrastó con la forma principal y las variantes ICV.
Ráfol de Salem,58,46210,Ráfol de Salem,Ráfol de Salem,Ráfol de Salem,Ráfol de Salem,exact_primary,nom_mun;nom_mun_cas;nom_mun_cas_a;nom_mun_val;nom_mun_val_a;noms_mun,,automatic,,
Ròtova,58,46218,Ròtova,Ròtova,Ròtova,Ròtova,exact_primary,nom_mun;nom_mun_cas;nom_mun_cas_a;nom_mun_val;nom_mun_val_a;noms_mun,,automatic,,
Sacañet,54,12097,Sacañet,Sacañet,Sacañet,Sacañet,exact_primary,nom_mun;nom_mun_cas;nom_mun_cas_a;nom_mun_val;nom_mun_val_a;noms_mun,,automatic,,
Sagra,58,03115,Sagra,Sagra,Sagra,Sagra,exact_primary,nom_mun;nom_mun_cas;nom_mun_cas_a;nom_mun_val;nom_mun_val_a;noms_mun,,automatic,,
Sagunt/Sagunto,57,46220,Sagunt,Sagunto,Sagunt,Sagunt/Sagunto,exact_variant,noms_mun,,reviewed,bilingual,Ambas formas lingüísticas se contrastaron con noms_mun y las variantes ICV.
Salem,58,46221,Salem,Salem,Salem,Salem,exact_primary,nom_mun;nom_mun_cas;nom_mun_cas_a;nom_mun_val;nom_mun_val_a;noms_mun,,automatic,,
Salinas,58,03116,Salinas,Salinas,Salinas,Salinas,exact_primary,nom_mun;nom_mun_cas;nom_mun_cas_a;nom_mun_val;nom_mun_val_a;noms_mun,,automatic,,
"Salzadella, la",55,12098,la Salzadella,la Salzadella,la Salzadella,la Salzadella,exact_variant,nom_mun_cas_a;nom_mun_val_a,,reviewed,postposed_article,El artículo pospuesto se contrastó con la forma principal y las variantes ICV.
San Antonio de Benagéber,56,46903,San Antonio de Benagéber,San Antonio de Benagéber,San Antonio de Benagéber,San Antonio de Benagéber,exact_primary,nom_mun;nom_mun_cas;nom_mun_cas_a;nom_mun_val;nom_mun_val_a;noms_mun,,automatic,,
San Fulgencio,59,03118,San Fulgencio,San Fulgencio,San Fulgencio,San Fulgencio,exact_primary,nom_mun;nom_mun_cas;nom_mun_cas_a;nom_mun_val;nom_mun_val_a;noms_mun,,automatic,,
San Isidro,59,03904,San Isidro,San Isidro,San Isidro,San Isidro,exact_primary,nom_mun;nom_mun_cas;nom_mun_cas_a;nom_mun_val;nom_mun_val_a;noms_mun,,automatic,,
San Miguel de Salinas,59,03120,San Miguel de Salinas,San Miguel de Salinas,San Miguel de Salinas,San Miguel de Salinas,exact_primary,nom_mun;nom_mun_cas;nom_mun_cas_a;nom_mun_val;nom_mun_val_a;noms_mun,,automatic,,
San Rafael del Río,55,12101,San Rafael del Río,San Rafael del Río,San Rafael del Río,San Rafael del Río,exact_primary,nom_mun;nom_mun_cas;nom_mun_cas_a;nom_mun_val;nom_mun_val_a;noms_mun,,automatic,,
Sanet y Negrals,58,03117,Sanet y Negrals,Sanet y Negrals,Sanet y Negrals,Sanet y Negrals,exact_primary,nom_mun;nom_mun_cas;nom_mun_cas_a;nom_mun_val;nom_mun_val_a;noms_mun,,automatic,,
Sant Joan d'Alacant,59,03119,Sant Joan d'Alacant,Sant Joan d'Alacant,Sant Joan d'Alacant,Sant Joan d'Alacant,exact_primary,nom_mun;nom_mun_cas;nom_mun_cas_a;nom_mun_val;nom_mun_val_a;noms_mun,,automatic,,
Sant Joan de Moró,55,12902,Sant Joan de Moró,Sant Joan de Moró,Sant Joan de Moró,Sant Joan de Moró,exact_primary,nom_mun;nom_mun_cas;nom_mun_cas_a;nom_mun_val;nom_mun_val_a;noms_mun,,automatic,,
Sant Joanet,58,46222,Sant Joanet,Sant Joanet,Sant Joanet,Sant Joanet,exact_primary,nom_mun;nom_mun_cas;nom_mun_cas_a;nom_mun_val;nom_mun_val_a;noms_mun,,automatic,,
Sant Jordi/San Jorge,55,12099,Sant Jordi,Sant Jordi,San Jorge,Sant Jordi/San Jorge,exact_variant,noms_mun,,reviewed,bilingual,Ambas formas lingüísticas se contrastaron con noms_mun y las variantes ICV.
Sant Mateu,55,12100,Sant Mateu,Sant Mateu,Sant Mateu,Sant Mateu,exact_primary,nom_mun;nom_mun_cas;nom_mun_cas_a;nom_mun_val;nom_mun_val_a;noms_mun,,automatic,,
Sant Vicent del Raspeig/San Vicente del Raspeig,59,03122,Sant Vicent del Raspeig,San Vicente del Raspeig,Sant Vicent del Raspeig,Sant Vicent del Raspeig/San Vicente del Raspeig,exact_variant,noms_mun,,reviewed,bilingual,Ambas formas lingüísticas se contrastaron con noms_mun y las variantes ICV.
Santa Magdalena de Pulpis,55,12102,Santa Magdalena de Pulpis,Santa Magdalena de Pulpis,Santa Magdalena de Pulpis,Santa Magdalena de Pulpis,exact_primary,nom_mun;nom_mun_cas;nom_mun_cas_a;nom_mun_val;nom_mun_val_a;noms_mun,,automatic,,
Santa Pola,59,03121,Santa Pola,Santa Pola,Santa Pola,Santa Pola,exact_primary,nom_mun;nom_mun_cas;nom_mun_cas_a;nom_mun_val;nom_mun_val_a;noms_mun,,automatic,,
Sax,58,03123,Sax,Sax,Sax,Sax,exact_primary,nom_mun;nom_mun_cas;nom_mun_cas_a;nom_mun_val;nom_mun_val_a;noms_mun,,automatic,,
Sedaví,57,46223,Sedaví,Sedaví,Sedaví,Sedaví,exact_primary,nom_mun;nom_mun_cas;nom_mun_cas_a;nom_mun_val;nom_mun_val_a;noms_mun,,automatic,,
Segart,56,46224,Segart,Segart,Segart,Segart,exact_primary,nom_mun;nom_mun_cas;nom_mun_cas_a;nom_mun_val;nom_mun_val_a;noms_mun,,automatic,,
Segorbe,56,12104,Segorbe,Segorbe,Segorbe,Segorbe,exact_primary,nom_mun;nom_mun_cas;nom_mun_cas_a;nom_mun_val;nom_mun_val_a;noms_mun,,automatic,,
Sella,58,03124,Sella,Sella,Sella,Sella,exact_primary,nom_mun;nom_mun_cas;nom_mun_cas_a;nom_mun_val;nom_mun_val_a;noms_mun,,automatic,,
Sellent,56,46225,Sellent,Sellent,Sellent,Sellent,exact_primary,nom_mun;nom_mun_cas;nom_mun_cas_a;nom_mun_val;nom_mun_val_a;noms_mun,,automatic,,
Sempere,58,46226,Sempere,Sempere,Sempere,Sempere,exact_primary,nom_mun;nom_mun_cas;nom_mun_cas_a;nom_mun_val;nom_mun_val_a;noms_mun,,automatic,,
Senija,58,03125,Senija,Senija,Senija,Senija,exact_primary,nom_mun;nom_mun_cas;nom_mun_cas_a;nom_mun_val;nom_mun_val_a;noms_mun,,automatic,,
Senyera,58,46227,Senyera,Senyera,Senyera,Senyera,exact_primary,nom_mun;nom_mun_cas;nom_mun_cas_a;nom_mun_val;nom_mun_val_a;noms_mun,,automatic,,
Serra,56,46228,Serra,Serra,Serra,Serra,exact_primary,nom_mun;nom_mun_cas;nom_mun_cas_a;nom_mun_val;nom_mun_val_a;noms_mun,,automatic,,
"Serratella, la",53,12103,la Serratella,la Serratella,la Serratella,la Serratella,exact_variant,nom_mun_cas_a;nom_mun_val_a,,reviewed,postposed_article,El artículo pospuesto se contrastó con la forma principal y las variantes ICV.
Sierra Engarcerán,53,12105,Sierra Engarcerán,Sierra Engarcerán,Sierra Engarcerán,Sierra Engarcerán,exact_primary,nom_mun;nom_mun_cas;nom_mun_cas_a;nom_mun_val;nom_mun_val_a;noms_mun,,automatic,,
Siete Aguas,56,46229,Siete Aguas,Siete Aguas,Siete Aguas,Siete Aguas,exact_primary,nom_mun;nom_mun_cas;nom_mun_cas_a;nom_mun_val;nom_mun_val_a;noms_mun,,automatic,,
Silla,57,46230,Silla,Silla,Silla,Silla,exact_primary,nom_mun;nom_mun_cas;nom_mun_cas_a;nom_mun_val;nom_mun_val_a;noms_mun,,automatic,,
Simat de la Valldigna,58,46231,Simat de la Valldigna,Simat de la Valldigna,Simat de la Valldigna,Simat de la Valldigna,exact_primary,nom_mun;nom_mun_cas;nom_mun_cas_a;nom_mun_val;nom_mun_val_a;noms_mun,,automatic,,
Sinarcas,56,46232,Sinarcas,Sinarcas,Sinarcas,Sinarcas,exact_primary,nom_mun;nom_mun_cas;nom_mun_cas_a;nom_mun_val;nom_mun_val_a;noms_mun,,automatic,,
Sollana,57,46233,Sollana,Sollana,Sollana,Sollana,exact_primary,nom_mun;nom_mun_cas;nom_mun_cas_a;nom_mun_val;nom_mun_val_a;noms_mun,,automatic,,
Soneja,54,12106,Soneja,Soneja,Soneja,Soneja,exact_primary,nom_mun;nom_mun_cas;nom_mun_cas_a;nom_mun_val;nom_mun_val_a;noms_mun,,automatic,,
Sot de Chera,56,46234,Sot de Chera,Sot de Chera,Sot de Chera,Sot de Chera,exact_primary,nom_mun;nom_mun_cas;nom_mun_cas_a;nom_mun_val;nom_mun_val_a;noms_mun,,automatic,,
Sot de Ferrer,54,12107,Sot de Ferrer,Sot de Ferrer,Sot de Ferrer,Sot de Ferrer,exact_primary,nom_mun;nom_mun_cas;nom_mun_cas_a;nom_mun_val;nom_mun_val_a;noms_mun,,automatic,,
Sueca,57,46235,Sueca,Sueca,Sueca,Sueca,exact_primary,nom_mun;nom_mun_cas;nom_mun_cas_a;nom_mun_val;nom_mun_val_a;noms_mun,,automatic,,
Suera/Sueras,54,12108,Suera,Sueras,Suera,Suera/Sueras,exact_variant,noms_mun,,reviewed,bilingual,Ambas formas lingüísticas se contrastaron con noms_mun y las variantes ICV.
Sumacàrcer,56,46236,Sumacàrcer,Sumacàrcer,Sumacàrcer,Sumacàrcer,exact_primary,nom_mun;nom_mun_cas;nom_mun_cas_a;nom_mun_val;nom_mun_val_a;noms_mun,,automatic,,
Tales,54,12109,Tales,Tales,Tales,Tales,exact_primary,nom_mun;nom_mun_cas;nom_mun_cas_a;nom_mun_val;nom_mun_val_a;noms_mun,,automatic,,
Tavernes Blanques,57,46237,Tavernes Blanques,Tavernes Blanques,Tavernes Blanques,Tavernes Blanques,exact_primary,nom_mun;nom_mun_cas;nom_mun_cas_a;nom_mun_val;nom_mun_val_a;noms_mun,,automatic,,
Tavernes de la Valldigna,58,46238,Tavernes de la Valldigna,Tavernes de la Valldigna,Tavernes de la Valldigna,Tavernes de la Valldigna,exact_primary,nom_mun;nom_mun_cas;nom_mun_cas_a;nom_mun_val;nom_mun_val_a;noms_mun,,automatic,,
Teresa,54,12110,Teresa,Teresa,Teresa,Teresa,exact_primary,nom_mun;nom_mun_cas;nom_mun_cas_a;nom_mun_val;nom_mun_val_a;noms_mun,,automatic,,
Teresa de Cofrentes,56,46239,Teresa de Cofrentes,Teresa de Cofrentes,Teresa de Cofrentes,Teresa de Cofrentes,exact_primary,nom_mun;nom_mun_cas;nom_mun_cas_a;nom_mun_val;nom_mun_val_a;noms_mun,,automatic,,
Terrateig,58,46240,Terrateig,Terrateig,Terrateig,Terrateig,exact_primary,nom_mun;nom_mun_cas;nom_mun_cas_a;nom_mun_val;nom_mun_val_a;noms_mun,,automatic,,
Teulada,58,03128,Teulada,Teulada,Teulada,Teulada,exact_primary,nom_mun;nom_mun_cas;nom_mun_cas_a;nom_mun_val;nom_mun_val_a;noms_mun,,automatic,,
Tibi,58,03129,Tibi,Tibi,Tibi,Tibi,exact_primary,nom_mun;nom_mun_cas;nom_mun_cas_a;nom_mun_val;nom_mun_val_a;noms_mun,,automatic,,
Titaguas,56,46241,Titaguas,Titaguas,Titaguas,Titaguas,exact_primary,nom_mun;nom_mun_cas;nom_mun_cas_a;nom_mun_val;nom_mun_val_a;noms_mun,,automatic,,
Todolella,53,12112,Todolella,Todolella,Todolella,Todolella,exact_primary,nom_mun;nom_mun_cas;nom_mun_cas_a;nom_mun_val;nom_mun_val_a;noms_mun,,automatic,,
Toga,54,12113,Toga,Toga,Toga,Toga,exact_primary,nom_mun;nom_mun_cas;nom_mun_cas_a;nom_mun_val;nom_mun_val_a;noms_mun,,automatic,,
Tollos,58,03130,Tollos,Tollos,Tollos,Tollos,exact_primary,nom_mun;nom_mun_cas;nom_mun_cas_a;nom_mun_val;nom_mun_val_a;noms_mun,,automatic,,
Tormos,58,03131,Tormos,Tormos,Tormos,Tormos,exact_primary,nom_mun;nom_mun_cas;nom_mun_cas_a;nom_mun_val;nom_mun_val_a;noms_mun,,automatic,,
"Toro, El",54,12115,El Toro,El Toro,El Toro,El Toro,exact_variant,nom_mun_cas_a;nom_mun_val_a,,reviewed,postposed_article,El artículo pospuesto se contrastó con la forma principal y las variantes ICV.
Torralba del Pinar,54,12116,Torralba del Pinar,Torralba del Pinar,Torralba del Pinar,Torralba del Pinar,exact_primary,nom_mun;nom_mun_cas;nom_mun_cas_a;nom_mun_val;nom_mun_val_a;noms_mun,,automatic,,
"Torre d'en Besora, la",53,12119,la Torre d'En Besora,la Torre d'En Besora,la Torre d'En Besora,la Torre d'En Besora,alias,alias_file,El 112CV pospone el artículo y usa en minúscula; el ICV antepone la y capitaliza En.,reviewed,postposed_article;alias,Excepción contrastada con el código y las variantes ICV; motivo detallado en municipality_aliases.json.
"Torre d'en Doménec, la",55,12120,la Torre d'en Doménec,la Torre d'en Doménec,la Torre d'en Doménec,la Torre d'en Doménec,exact_variant,nom_mun_cas_a;nom_mun_val_a,,reviewed,postposed_article,El artículo pospuesto se contrastó con la forma principal y las variantes ICV.
"Torre de les Maçanes, la/Torremanzanas",58,03132,la Torre de les Maçanes,Torremanzanas,la Torre de les Maçanes,la Torre de les Maçanes/Torremanzanas,alias,alias_file,El 112CV pospone el artículo valenciano; el ICV lo antepone en la forma bilingüe.,reviewed,bilingual;postposed_article;alias,Excepción contrastada con el código y las variantes ICV; motivo detallado en municipality_aliases.json.
Torrebaja,56,46242,Torrebaja,Torrebaja,Torrebaja,Torrebaja,exact_primary,nom_mun;nom_mun_cas;nom_mun_cas_a;nom_mun_val;nom_mun_val_a;noms_mun,,automatic,,
Torreblanca,55,12117,Torreblanca,Torreblanca,Torreblanca,Torreblanca,exact_primary,nom_mun;nom_mun_cas;nom_mun_cas_a;nom_mun_val;nom_mun_val_a;noms_mun,,automatic,,
Torrechiva,54,12118,Torrechiva,Torrechiva,Torrechiva,Torrechiva,exact_primary,nom_mun;nom_mun_cas;nom_mun_cas_a;nom_mun_val;nom_mun_val_a;noms_mun,,automatic,,
Torrella,58,46243,Torrella,Torrella,Torrella,Torrella,exact_primary,nom_mun;nom_mun_cas;nom_mun_cas_a;nom_mun_val;nom_mun_val_a;noms_mun,,automatic,,
Torrent,57,46244,Torrent,Torrent,Torrent,Torrent,exact_primary,nom_mun;nom_mun_cas;nom_mun_cas_a;nom_mun_val;nom_mun_val_a;noms_mun,,automatic,,
Torres Torres,56,46245,Torres Torres,Torres Torres,Torres Torres,Torres Torres,exact_primary,nom_mun;nom_mun_cas;nom_mun_cas_a;nom_mun_val;nom_mun_val_a;noms_mun,,automatic,,
Torrevieja,59,03133,Torrevieja,Torrevieja,Torrevieja,Torrevieja,exact_primary,nom_mun;nom_mun_cas;nom_mun_cas_a;nom_mun_val;nom_mun_val_a;noms_mun,,automatic,,
Torás,54,12114,Torás,Torás,Torás,Torás,exact_primary,nom_mun;nom_mun_cas;nom_mun_cas_a;nom_mun_val;nom_mun_val_a;noms_mun,,automatic,,
Tous,56,46246,Tous,Tous,Tous,Tous,exact_primary,nom_mun;nom_mun_cas;nom_mun_cas_a;nom_mun_val;nom_mun_val_a;noms_mun,,automatic,,
Traiguera,55,12121,Traiguera,Traiguera,Traiguera,Traiguera,exact_primary,nom_mun;nom_mun_cas;nom_mun_cas_a;nom_mun_val;nom_mun_val_a;noms_mun,,automatic,,
Turís,56,46248,Turís,Turís,Turís,Turís,exact_primary,nom_mun;nom_mun_cas;nom_mun_cas_a;nom_mun_val;nom_mun_val_a;noms_mun,,automatic,,
Tuéjar,56,46247,Tuéjar,Tuéjar,Tuéjar,Tuéjar,exact_primary,nom_mun;nom_mun_cas;nom_mun_cas_a;nom_mun_val;nom_mun_val_a;noms_mun,,automatic,,
Tàrbena,58,03127,Tàrbena,Tàrbena,Tàrbena,Tàrbena,exact_primary,nom_mun;nom_mun_cas;nom_mun_cas_a;nom_mun_val;nom_mun_val_a;noms_mun,,automatic,,
Tírig,53,12111,Tírig,Tírig,Tírig,Tírig,exact_primary,nom_mun;nom_mun_cas;nom_mun_cas_a;nom_mun_val;nom_mun_val_a;noms_mun,,automatic,,
"Useres, les/Useras",54,12122,les Useres,Useras,les Useres,les Useres/Useras,alias,alias_file,El 112CV pospone el artículo valenciano; el ICV lo antepone en la forma bilingüe.,reviewed,bilingual;postposed_article;alias,Excepción contrastada con el código y las variantes ICV; motivo detallado en municipality_aliases.json.
Utiel,56,46249,Utiel,Utiel,Utiel,Utiel,exact_primary,nom_mun;nom_mun_cas;nom_mun_cas_a;nom_mun_val;nom_mun_val_a;noms_mun,,automatic,,
Vall d'Alba,55,12124,Vall d'Alba,Vall d'Alba,Vall d'Alba,Vall d'Alba,exact_primary,nom_mun;nom_mun_cas;nom_mun_cas_a;nom_mun_val;nom_mun_val_a;noms_mun,,automatic,,
"Vall d'Alcalà, la",58,03134,la Vall d'Alcalà,la Vall d'Alcalà,la Vall d'Alcalà,la Vall d'Alcalà,exact_variant,nom_mun_cas_a;nom_mun_val_a,,reviewed,postposed_article,El artículo pospuesto se contrastó con la forma principal y las variantes ICV.
"Vall d'Ebo, la",58,03135,la Vall d'Ebo,la Vall d'Ebo,la Vall d'Ebo,la Vall d'Ebo,exact_variant,nom_mun_cas_a;nom_mun_val_a,,reviewed,postposed_article,El artículo pospuesto se contrastó con la forma principal y las variantes ICV.
"Vall d'Uixó, la",55,12126,la Vall d'Uixó,la Vall d'Uixó,la Vall d'Uixó,la Vall d'Uixó,exact_variant,nom_mun_cas_a;nom_mun_val_a,,reviewed,postposed_article,El artículo pospuesto se contrastó con la forma principal y las variantes ICV.
Vall de Almonacid,54,12125,Vall de Almonacid,Vall de Almonacid,Vall de Almonacid,Vall de Almonacid,exact_primary,nom_mun;nom_mun_cas;nom_mun_cas_a;nom_mun_val;nom_mun_val_a;noms_mun,,automatic,,
"Vall de Gallinera, la",58,03136,la Vall de Gallinera,la Vall de Gallinera,la Vall de Gallinera,la Vall de Gallinera,exact_variant,nom_mun_cas_a;nom_mun_val_a,,reviewed,postposed_article,El artículo pospuesto se contrastó con la forma principal y las variantes ICV.
"Vall de Laguar, la",58,03137,la Vall de Laguar,la Vall de Laguar,la Vall de Laguar,la Vall de Laguar,exact_variant,nom_mun_cas_a;nom_mun_val_a,,reviewed,postposed_article,El artículo pospuesto se contrastó con la forma principal y las variantes ICV.
Vallada,58,46251,Vallada,Vallada,Vallada,Vallada,exact_primary,nom_mun;nom_mun_cas;nom_mun_cas_a;nom_mun_val;nom_mun_val_a;noms_mun,,automatic,,
Vallanca,56,46252,Vallanca,Vallanca,Vallanca,Vallanca,exact_primary,nom_mun;nom_mun_cas;nom_mun_cas_a;nom_mun_val;nom_mun_val_a;noms_mun,,automatic,,
Vallat,54,12123,Vallat,Vallat,Vallat,Vallat,exact_primary,nom_mun;nom_mun_cas;nom_mun_cas_a;nom_mun_val;nom_mun_val_a;noms_mun,,automatic,,
Vallibona,53,12127,Vallibona,Vallibona,Vallibona,Vallibona,exact_primary,nom_mun;nom_mun_cas;nom_mun_cas_a;nom_mun_val;nom_mun_val_a;noms_mun,,automatic,,
Vallés,58,46253,Vallés,Vallés,Vallés,Vallés,exact_primary,nom_mun;nom_mun_cas;nom_mun_cas_a;nom_mun_val;nom_mun_val_a;noms_mun,,automatic,,
València,57,46250,València,València,València,València,exact_primary,nom_mun;nom_mun_cas;nom_mun_cas_a;nom_mun_val;nom_mun_val_a;noms_mun,,reviewed,required_sample,Muestra mínima contrastada con la fila ICV y el código oficial.
Venta del Moro,56,46254,Venta del Moro,Venta del Moro,Venta del Moro,Venta del Moro,exact_primary,nom_mun;nom_mun_cas;nom_mun_cas_a;nom_mun_val;nom_mun_val_a;noms_mun,,automatic,,
"Verger, el",58,03138,el Verger,el Verger,el Verger,el Verger,exact_variant,nom_mun_cas_a;nom_mun_val_a,,reviewed,postposed_article,El artículo pospuesto se contrastó con la forma principal y las variantes ICV.
"Vila Joiosa, la/Villajoyosa",59,03139,la Vila Joiosa,Villajoyosa,la Vila Joiosa,la Vila Joiosa/Villajoyosa,alias,alias_file,El 112CV pospone el artículo valenciano; el ICV lo antepone en la forma bilingüe.,reviewed,bilingual;postposed_article;alias,Excepción contrastada con el código y las variantes ICV; motivo detallado en municipality_aliases.json.
Vila-real,55,12135,Vila-real,Vila-real,Vila-real,Vila-real,exact_primary,nom_mun;nom_mun_cas;nom_mun_cas_a;nom_mun_val;nom_mun_val_a;noms_mun,,automatic,,
Vilafamés,55,12128,Vilafamés,Vilafamés,Vilafamés,Vilafamés,exact_primary,nom_mun;nom_mun_cas;nom_mun_cas_a;nom_mun_val;nom_mun_val_a;noms_mun,,automatic,,
Vilafranca/Villafranca del Cid,53,12129,Vilafranca,Villafranca del Cid,Vilafranca,Vilafranca/Villafranca del Cid,exact_variant,noms_mun,,reviewed,bilingual,Ambas formas lingüísticas se contrastaron con noms_mun y las variantes ICV.
Vilallonga/Villalonga,58,46255,Vilallonga,Villalonga,Vilallonga,Vilallonga/Villalonga,exact_variant,noms_mun,,reviewed,bilingual,Ambas formas lingüísticas se contrastaron con noms_mun y las variantes ICV.
Vilamarxant,56,46256,Vilamarxant,Vilamarxant,Vilamarxant,Vilamarxant,exact_primary,nom_mun;nom_mun_cas;nom_mun_cas_a;nom_mun_val;nom_mun_val_a;noms_mun,,automatic,,
Vilanova d'Alcolea,55,12132,Vilanova d'Alcolea,Vilanova d'Alcolea,Vilanova d'Alcolea,Vilanova d'Alcolea,exact_primary,nom_mun;nom_mun_cas;nom_mun_cas_a;nom_mun_val;nom_mun_val_a;noms_mun,,automatic,,
Vilar de Canes,53,12134,Vilar de Canes,Vilar de Canes,Vilar de Canes,Vilar de Canes,exact_primary,nom_mun;nom_mun_cas;nom_mun_cas_a;nom_mun_val;nom_mun_val_a;noms_mun,,automatic,,
"Vilavella, la",55,12136,la Vilavella,la Vilavella,la Vilavella,la Vilavella,exact_variant,nom_mun_cas_a;nom_mun_val_a,,reviewed,postposed_article,El artículo pospuesto se contrastó con la forma principal y las variantes ICV.
Villahermosa del Río,54,12130,Villahermosa del Río,Villahermosa del Río,Villahermosa del Río,Villahermosa del Río,exact_primary,nom_mun;nom_mun_cas;nom_mun_cas_a;nom_mun_val;nom_mun_val_a;noms_mun,,automatic,,
Villamalur,54,12131,Villamalur,Villamalur,Villamalur,Villamalur,exact_primary,nom_mun;nom_mun_cas;nom_mun_cas_a;nom_mun_val;nom_mun_val_a;noms_mun,,automatic,,
Villanueva de Viver,54,12133,Villanueva de Viver,Villanueva de Viver,Villanueva de Viver,Villanueva de Viver,exact_primary,nom_mun;nom_mun_cas;nom_mun_cas_a;nom_mun_val;nom_mun_val_a;noms_mun,,automatic,,
Villar del Arzobispo,56,46258,Villar del Arzobispo,Villar del Arzobispo,Villar del Arzobispo,Villar del Arzobispo,exact_primary,nom_mun;nom_mun_cas;nom_mun_cas_a;nom_mun_val;nom_mun_val_a;noms_mun,,automatic,,
Villargordo del Cabriel,56,46259,Villargordo del Cabriel,Villargordo del Cabriel,Villargordo del Cabriel,Villargordo del Cabriel,exact_primary,nom_mun;nom_mun_cas;nom_mun_cas_a;nom_mun_val;nom_mun_val_a;noms_mun,,automatic,,
Villena,58,03140,Villena,Villena,Villena,Villena,exact_primary,nom_mun;nom_mun_cas;nom_mun_cas_a;nom_mun_val;nom_mun_val_a;noms_mun,,automatic,,
Villores,53,12137,Villores,Villores,Villores,Villores,exact_primary,nom_mun;nom_mun_cas;nom_mun_cas_a;nom_mun_val;nom_mun_val_a;noms_mun,,automatic,,
Vinalesa,57,46260,Vinalesa,Vinalesa,Vinalesa,Vinalesa,exact_primary,nom_mun;nom_mun_cas;nom_mun_cas_a;nom_mun_val;nom_mun_val_a;noms_mun,,automatic,,
Vinaròs,55,12138,Vinaròs,Vinaròs,Vinaròs,Vinaròs,exact_primary,nom_mun;nom_mun_cas;nom_mun_cas_a;nom_mun_val;nom_mun_val_a;noms_mun,,automatic,,
Vistabella del Maestrat,54,12139,Vistabella del Maestrat,Vistabella del Maestrat,Vistabella del Maestrat,Vistabella del Maestrat,exact_primary,nom_mun;nom_mun_cas;nom_mun_cas_a;nom_mun_val;nom_mun_val_a;noms_mun,,automatic,,
Viver,54,12140,Viver,Viver,Viver,Viver,exact_primary,nom_mun;nom_mun_cas;nom_mun_cas_a;nom_mun_val;nom_mun_val_a;noms_mun,,automatic,,
Xaló,58,03081,Xaló,Xaló,Xaló,Xaló,exact_primary,nom_mun;nom_mun_cas;nom_mun_cas_a;nom_mun_val;nom_mun_val_a;noms_mun,,automatic,,
Xeraco,58,46143,Xeraco,Xeraco,Xeraco,Xeraco,exact_primary,nom_mun;nom_mun_cas;nom_mun_cas_a;nom_mun_val;nom_mun_val_a;noms_mun,,automatic,,
Xeresa,58,46146,Xeresa,Xeresa,Xeresa,Xeresa,exact_primary,nom_mun;nom_mun_cas;nom_mun_cas_a;nom_mun_val;nom_mun_val_a;noms_mun,,automatic,,
Xert,53,12052,Xert,Xert,Xert,Xert,exact_primary,nom_mun;nom_mun_cas;nom_mun_cas_a;nom_mun_val;nom_mun_val_a;noms_mun,,automatic,,
Xirivella,57,46110,Xirivella,Xirivella,Xirivella,Xirivella,exact_primary,nom_mun;nom_mun_cas;nom_mun_cas_a;nom_mun_val;nom_mun_val_a;noms_mun,,automatic,,
Xixona/Jijona,58,03083,Xixona,Jijona,Xixona,Xixona/Jijona,exact_variant,noms_mun,,reviewed,bilingual,Ambas formas lingüísticas se contrastaron con noms_mun y las variantes ICV.
Xodos/Chodos,54,12055,Xodos,Chodos,Xodos,Xodos/Chodos,exact_variant,noms_mun,,reviewed,bilingual,Ambas formas lingüísticas se contrastaron con noms_mun y las variantes ICV.
Xàbia/Jávea,58,03082,Xàbia,Jávea,Xàbia,Xàbia/Jávea,exact_variant,noms_mun,,reviewed,bilingual,Ambas formas lingüísticas se contrastaron con noms_mun y las variantes ICV.
Xàtiva,58,46145,Xàtiva,Xàtiva,Xàtiva,Xàtiva,exact_primary,nom_mun;nom_mun_cas;nom_mun_cas_a;nom_mun_val;nom_mun_val_a;noms_mun,,automatic,,
"Yesa, La",56,46262,La Yesa,La Yesa,La Yesa,La Yesa,exact_variant,nom_mun_cas_a;nom_mun_val_a,,reviewed,postposed_article,El artículo pospuesto se contrastó con la forma principal y las variantes ICV.
Yátova,56,46261,Yátova,Yátova,Yátova,Yátova,exact_primary,nom_mun;nom_mun_cas;nom_mun_cas_a;nom_mun_val;nom_mun_val_a;noms_mun,,automatic,,
Zarra,56,46263,Zarra,Zarra,Zarra,Zarra,exact_primary,nom_mun;nom_mun_cas;nom_mun_cas_a;nom_mun_val;nom_mun_val_a;noms_mun,,automatic,,
Zorita del Maestrazgo,53,12141,Zorita del Maestrazgo,Zorita del Maestrazgo,Zorita del Maestrazgo,Zorita del Maestrazgo,exact_primary,nom_mun;nom_mun_cas;nom_mun_cas_a;nom_mun_val;nom_mun_val_a;noms_mun,,automatic,,
Zucaina,54,12142,Zucaina,Zucaina,Zucaina,Zucaina,exact_primary,nom_mun;nom_mun_cas;nom_mun_cas_a;nom_mun_val;nom_mun_val_a;noms_mun,,automatic,,
"Énova, l'",58,46119,l'Énova,l'Énova,l'Énova,l'Énova,exact_variant,nom_mun_cas_a;nom_mun_val_a,,reviewed,postposed_article,El artículo pospuesto se contrastó con la forma principal y las variantes ICV.
